,branch,PT,TY,LAB,V_plc,L2-NORM,V_pkc,PAR(4),PAR(5),PAR(6),PAR(7),PAR(8),PAR(31),PAR(32),PAR(33),PAR(34),PAR(35),PAR(80)
1,1,-1,9,1,1.0000000134e-10,4.0508562999,0.0,1.0,0.080529600382,3.8610110283,0.70394998789,1.0000000134e-10,1.0,0.080529600382,3.8610110283,0.70394998789,1.0000000134e-10,5.0
2,1,-2,0,0,2.1398619777e-06,4.0508566693,0.0,1.0,0.080529583778,3.8610112862,0.70395070077,8.1292949041e-07,1.0,0.080529583778,3.8610112862,0.70395070077,8.1292949041e-07,5.0
3,1,-3,0,0,4.0700389774e-06,4.0508566629,0.0,1.0,0.080529583869,3.8610112797,0.70395069983,1.5461945806e-06,1.0,0.080529583869,3.8610112797,0.70395069983,1.5461945806e-06,5.0
4,1,-4,0,0,7.8111536729e-06,4.0508566389,0.0,1.0,0.080529584211,3.8610112551,0.70395069629,2.9674104587e-06,1.0,0.080529584211,3.8610112551,0.70395069629,2.9674104587e-06,5.0
5,1,-5,0,0,1.52893009e-05,4.0508565459,0.0,1.0,0.080529585535,3.86101116,0.70395068258,5.808231349e-06,1.0,0.080529585535,3.86101116,0.70395068258,5.808231349e-06,5.0
6,1,-6,0,0,3.0243326328e-05,4.0508561793,0.0,1.0,0.080529590753,3.8610107851,0.70395062857,1.1488770001e-05,1.0,0.080529590753,3.8610107851,0.70395062857,1.1488770001e-05,5.0
7,1,-7,0,0,6.013317298e-05,4.0508547252,0.0,1.0,0.080529611451,3.8610092981,0.70395041431,2.2841971753e-05,1.0,0.080529611451,3.8610092981,0.70395041431,2.2841971753e-05,5.0
8,1,-8,0,0,0.00011976783567,4.050848952,0.0,1.0,0.080529693633,3.8610033942,0.7039495636,4.5489489393e-05,1.0,0.080529693633,3.8610033942,0.7039495636,4.5489489393e-05,5.0
9,1,-9,0,0,0.00023742601427,4.0508263475,0.0,1.0,0.080530015406,3.860980278,0.70394623269,9.0158025733e-05,1.0,0.080530015406,3.860980278,0.70394623269,9.0158025733e-05,5.0
10,1,-10,0,0,0.00040764356338,4.0507673349,0.0,1.0,0.080530855478,3.8609199297,0.70393753648,0.00015474700041,1.0,0.080530855478,3.8609199297,0.70393753648,0.00015474700041,5.0
11,1,-11,0,0,0.00056782280156,4.0506834298,0.0,1.0,0.080532049978,3.8608341255,0.70392517122,0.00021549184435,1.0,0.080532049978,3.8608341255,0.70392517122,0.00021549184435,5.0
12,1,-12,0,0,0.00071723454609,4.050580404,0.0,1.0,0.080533516809,3.8607287678,0.70390998667,0.00027212371096,1.0,0.080533516809,3.8607287678,0.70390998667,0.00027212371096,5.0
13,1,-13,0,0,0.00085639041313,4.0504629835,0.0,1.0,0.080535188743,3.8606086898,0.7038926787,0.0003248434183,1.0,0.080535188743,3.8606086898,0.7038926787,0.0003248434183,5.0
14,1,-14,0,0,0.0010481675929,4.0502672785,0.0,1.0,0.080537975741,3.8604085557,0.70386382701,0.00039746107159,1.0,0.080537975741,3.8604085557,0.70386382701,0.00039746107159,5.0
15,1,-15,0,0,0.0013046569298,4.0499442446,0.0,1.0,0.080542577046,3.8600782118,0.70381619178,0.00049451705584,1.0,0.080542577046,3.8600782118,0.70381619178,0.00049451705584,5.0
16,1,-16,0,0,0.0015323225564,4.0495988447,0.0,1.0,0.080547498365,3.8597249968,0.70376524169,0.0005806069717,1.0,0.080547498365,3.8597249968,0.70376524169,0.0005806069717,5.0
17,1,-17,0,0,0.0017381849255,4.0492390866,0.0,1.0,0.080552625838,3.8593570999,0.70371215522,0.00065840717717,1.0,0.080552625838,3.8593570999,0.70371215522,0.00065840717717,5.0
18,1,-18,0,0,0.0020162003937,4.0486818185,0.0,1.0,0.080560571509,3.8587872268,0.70362988678,0.00076341239762,1.0,0.080560571509,3.8587872268,0.70362988678,0.00076341239762,5.0
19,1,-19,0,0,0.0023830289218,4.0478210925,0.0,1.0,0.080572851544,3.8579070371,0.70350273088,0.00090185995078,1.0,0.080572851544,3.8579070371,0.70350273088,0.00090185995078,5.0
20,1,-20,0,0,0.0027070632466,4.04694218,0.0,1.0,0.080585400553,3.8570082563,0.70337277725,0.0010240698097,1.0,0.080585400553,3.8570082563,0.70337277725,0.0010240698097,5.0
21,1,-21,0,0,0.0031373408323,4.0456032436,0.0,1.0,0.080604536206,3.8556390654,0.70317458998,0.0011862410453,1.0,0.080604536206,3.8556390654,0.70317458998,0.0011862410453,5.0
22,1,-22,0,0,0.0036971911074,4.0435675924,0.0,1.0,0.08063367187,3.8535574465,0.70287277645,0.0013970968566,1.0,0.08063367187,3.8535574465,0.70287277645,0.0013970968566,5.0
23,1,-23,0,0,0.0041872928463,4.0415128388,0.0,1.0,0.080663133356,3.8514563304,0.70256751869,0.0015815783808,1.0,0.080663133356,3.8514563304,0.70256751869,0.0015815783808,5.0
24,1,-24,0,0,0.004834253203,4.0384097312,0.0,1.0,0.080707726344,3.8482832756,0.70210534813,0.0018250120994,1.0,0.080707726344,3.8482832756,0.70210534813,0.0018250120994,5.0
25,1,-25,0,0,0.0056720453627,4.0337278305,0.0,1.0,0.080775235485,3.8434959994,0.70140537056,0.0021402115794,1.0,0.080775235485,3.8434959994,0.70140537056,0.0021402115794,5.0
26,1,-26,0,0,0.0064030170489,4.0290271185,0.0,1.0,0.080843292844,3.8386896821,0.70069934668,0.0024153081101,1.0,0.080843292844,3.8386896821,0.70069934668,0.0024153081101,5.0
27,1,-27,0,0,0.0070591079645,4.0243148988,0.0,1.0,0.080911796282,3.833871794,0.69998833163,0.0026623908675,1.0,0.080911796282,3.833871794,0.69998833163,0.0026623908675,5.0
28,1,-28,0,0,0.0079415588292,4.0172327781,0.0,1.0,0.081015280241,3.8266312315,0.69891356076,0.0029951249695,1.0,0.081015280241,3.8266312315,0.69891356076,0.0029951249695,5.0
29,1,-29,0,0,0.0089971550204,4.0076213994,0.0,1.0,0.081156741608,3.8168055408,0.69744305012,0.0033940320469,1.0,0.081156741608,3.8168055408,0.69744305012,0.0033940320469,5.0
30,1,-30,0,0,0.0099367907419,3.9979984058,0.0,1.0,0.081299557629,3.8069688066,0.69595695011,0.0037502274899,1.0,0.081299557629,3.8069688066,0.69595695011,0.0037502274899,5.0
31,1,-31,0,0,0.010789903445,3.9883680664,0.0,1.0,0.081443676313,3.7971254008,0.69445579208,0.0040747829967,1.0,0.081443676313,3.7971254008,0.69445579208,0.0040747829967,5.0
32,1,-32,0,0,0.011575063082,3.9787328397,0.0,1.0,0.08158907101,3.7872778436,0.69293984664,0.0043746679577,1.0,0.08158907101,3.7872778436,0.69293984664,0.0043746679577,5.0
33,1,-33,0,0,0.01230488286,3.9690942776,0.0,1.0,0.081735727709,3.7774277269,0.69140925495,0.0046546061575,1.0,0.081735727709,3.7774277269,0.69140925495,0.0046546061575,5.0
34,1,-34,0,0,0.012988398871,3.959453427,0.0,1.0,0.081883639391,3.767576126,0.6898640871,0.0049179745933,1.0,0.081883639391,3.767576126,0.6898640871,0.0049179745933,5.0
35,1,-35,0,0,0.013632350914,3.9498110315,0.0,1.0,0.082032803216,3.7577238051,0.68830437129,0.0051672867848,1.0,0.082032803216,3.7577238051,0.68830437129,0.0051672867848,5.0
36,1,-36,0,0,0.014241927567,3.9401676416,0.0,1.0,0.082183218975,3.7478713306,0.68673010976,0.0054044736587,1.0,0.082183218975,3.7478713306,0.68673010976,0.0054044736587,5.0
37,1,-37,0,0,0.014821226377,3.9305236788,0.0,1.0,0.082334888194,3.7380191361,0.68514128814,0.0056310568731,1.0,0.082334888194,3.7380191361,0.68514128814,0.0056310568731,5.0
38,1,-38,0,0,0.015373552004,3.9208794753,0.0,1.0,0.08248781358,3.7281675637,0.68353788123,0.0058482610024,1.0,0.08248781358,3.7281675637,0.68353788123,0.0058482610024,5.0
39,1,-39,0,0,0.015901617049,3.9112352998,0.0,1.0,0.082641998661,3.7183168896,0.68191985672,0.0060570890398,1.0,0.082641998661,3.7183168896,0.68191985672,0.0060570890398,5.0
40,1,-40,0,0,0.016407681811,3.9015913742,0.0,1.0,0.082797447551,3.7084673415,0.6802871777,0.0062583748898,1.0,0.082797447551,3.7084673415,0.6802871777,0.0062583748898,5.0
41,1,-41,0,0,0.016893654253,3.8919478857,0.0,1.0,0.082954164783,3.6986191111,0.67863980442,0.0064528208825,1.0,0.082954164783,3.6986191111,0.67863980442,0.0064528208825,5.0
42,1,-42,0,0,0.017361163212,3.8823049947,0.0,1.0,0.083112155189,3.688772362,0.67697769556,0.0066410252225,1.0,0.083112155189,3.688772362,0.67697769556,0.0066410252225,5.0
43,1,-43,0,0,0.017811613125,3.8726628412,0.0,1.0,0.083271423821,3.6789272361,0.67530080917,0.0068235024907,1.0,0.083271423821,3.6789272361,0.67530080917,0.0068235024907,5.0
44,1,-44,0,0,0.018246225681,3.8630215489,0.0,1.0,0.083431975878,3.6690838583,0.67360910334,0.0070006992321,1.0,0.083431975878,3.6690838583,0.67360910334,0.0070006992321,5.0
45,1,-45,0,0,0.018666072018,3.8533812288,0.0,1.0,0.083593816668,3.6592423392,0.6719025368,0.0071730059988,1.0,0.083593816668,3.6592423392,0.6719025368,0.0071730059988,5.0
46,1,-46,0,0,0.01907209798,3.8437419813,0.0,1.0,0.083756951561,3.6494027784,0.67018106933,0.0073407667851,1.0,0.083756951561,3.6494027784,0.67018106933,0.0073407667851,5.0
47,1,-47,0,0,0.019465144166,3.8341038988,0.0,1.0,0.083921385965,3.6395652662,0.66844466212,0.0075042865146,1.0,0.083921385965,3.6395652662,0.66844466212,0.0075042865146,5.0
48,1,-48,0,0,0.019845962041,3.8244670666,0.0,1.0,0.084087125299,3.6297298849,0.66669327812,0.0076638370484,1.0,0.084087125299,3.6297298849,0.66669327812,0.0076638370484,5.0
49,1,-49,0,0,0.020215227006,3.8148315644,0.0,1.0,0.084254174976,3.6198967103,0.66492688224,0.0078196620573,1.0,0.084254174976,3.6198967103,0.66492688224,0.0078196620573,5.0
50,1,-50,0,0,0.020573549105,3.8051974675,0.0,1.0,0.084422540383,3.6100658128,0.66314544157,0.00797198101,1.0,0.084422540383,3.6100658128,0.66314544157,0.00797198101,5.0
51,1,-51,0,0,0.020921481874,3.7955648471,0.0,1.0,0.08459222687,3.6002372577,0.66134892565,0.0081209924657,1.0,0.08459222687,3.6002372577,0.66134892565,0.0081209924657,5.0
52,1,-52,0,0,0.021259529708,3.785933771,0.0,1.0,0.084763239738,3.5904111062,0.65953730655,0.0082668768133,1.0,0.084763239738,3.5904111062,0.65953730655,0.0082668768133,5.0
53,1,-53,0,0,0.021588154038,3.7763043046,0.0,1.0,0.084935584227,3.5805874159,0.65771055912,0.0084097985685,1.0,0.084935584227,3.5805874159,0.65771055912,0.0084097985685,5.0
54,1,-54,0,0,0.021907778553,3.7666765108,0.0,1.0,0.085109265508,3.5707662411,0.65586866107,0.0085499083107,1.0,0.085109265508,3.5707662411,0.65586866107,0.0085499083107,5.0
55,1,-55,0,0,0.022218793633,3.7570504505,0.0,1.0,0.085284288675,3.5609476329,0.65401159316,0.0086873443289,1.0,0.085284288675,3.5609476329,0.65401159316,0.0086873443289,5.0
56,1,-56,0,0,0.022521560134,3.7474261832,0.0,1.0,0.085460658736,3.55113164,0.65213933929,0.0088222340259,1.0,0.085460658736,3.55113164,0.65213933929,0.0088222340259,5.0
57,1,-57,0,0,0.022816412646,3.7378037666,0.0,1.0,0.085638380609,3.5413183086,0.65025188665,0.0089546951253,1.0,0.085638380609,3.5413183086,0.65025188665,0.0089546951253,5.0
58,1,-58,0,0,0.023103662304,3.7281832574,0.0,1.0,0.085817459114,3.5315076825,0.64834922584,0.0090848367119,1.0,0.085817459114,3.5315076825,0.64834922584,0.0090848367119,5.0
59,1,-59,0,0,0.023383599222,3.7185647113,0.0,1.0,0.085997898966,3.5216998036,0.64643135095,0.0092127601343,1.0,0.085997898966,3.5216998036,0.64643135095,0.0092127601343,5.0
60,1,-60,0,0,0.023656494621,3.7089481829,0.0,1.0,0.086179704772,3.5118947117,0.64449825973,0.0093385597906,1.0,0.086179704772,3.5118947117,0.64449825973,0.0093385597906,5.0
61,1,-61,0,0,0.023922602682,3.6993337261,0.0,1.0,0.086362881023,3.5020924447,0.64254995364,0.0094623238155,1.0,0.086362881023,3.5020924447,0.64254995364,0.0094623238155,5.0
62,1,-62,0,0,0.024182162184,3.6897213941,0.0,1.0,0.086547432093,3.4922930387,0.64058643798,0.0095841346834,1.0,0.086547432093,3.4922930387,0.64058643798,0.0095841346834,5.0
63,1,-63,0,0,0.024435397937,3.6801112396,0.0,1.0,0.086733362231,3.4824965281,0.63860772199,0.0097040697399,1.0,0.086733362231,3.4824965281,0.63860772199,0.0097040697399,5.0
64,1,-64,0,0,0.024682522053,3.6705033145,0.0,1.0,0.086920675554,3.4727029455,0.63661381893,0.0098222016715,1.0,0.086920675554,3.4727029455,0.63661381893,0.0098222016715,5.0
65,1,-65,0,0,0.024923735079,3.6608976705,0.0,1.0,0.087109376051,3.4629123221,0.63460474622,0.0099385989224,1.0,0.087109376051,3.4629123221,0.63460474622,0.0099385989224,5.0
66,1,-66,0,0,0.025159226998,3.6512943586,0.0,1.0,0.087299467569,3.4531246872,0.63258052546,0.010053326065,1.0,0.087299467569,3.4531246872,0.63258052546,0.010053326065,5.0
67,1,-67,0,0,0.025389178125,3.6416934296,0.0,1.0,0.087490953813,3.4433400687,0.63054118261,0.010166444131,1.0,0.087490953813,3.4433400687,0.63054118261,0.010166444131,5.0
68,1,-68,0,0,0.025613759911,3.6320949337,0.0,1.0,0.087683838346,3.4335584926,0.62848674801,0.010278010909,1.0,0.087683838346,3.4335584926,0.62848674801,0.010278010909,5.0
69,1,-69,3,2,0.025643394429,3.630811543,0.0,1.0,0.087709738396,3.4322506639,0.62821087245,0.01029281579,1.0,0.087709738396,3.4322506639,0.62821087245,0.01029281579,5.0
70,1,70,0,0,0.025862085959,3.6212158661,0.0,1.0,0.087904212321,3.4224725669,0.62613937029,0.010402689971,1.0,0.087904212321,3.4224725669,0.62613937029,0.010402689971,3.0
71,1,71,0,0,0.026075747555,3.6116227286,0.0,1.0,0.088100091619,3.412697563,0.62405285627,0.010511126505,1.0,0.088100091619,3.412697563,0.62405285627,0.010511126505,3.0
72,1,72,0,0,0.026284527226,3.6020321798,0.0,1.0,0.088297379367,3.4029256734,0.62195137507,0.010618174614,1.0,0.088297379367,3.4029256734,0.62195137507,0.010618174614,3.0
73,1,73,0,0,0.026488566655,3.5924442686,0.0,1.0,0.088496078476,3.3931569177,0.61983497616,0.010723881214,1.0,0.088496078476,3.3931569177,0.61983497616,0.010723881214,3.0
74,1,74,0,0,0.026688001679,3.5828590436,0.0,1.0,0.088696191691,3.3833913138,0.61770371383,0.010828291088,1.0,0.088696191691,3.3833913138,0.61770371383,0.010828291088,3.0
75,1,75,0,0,0.026882962707,3.5732765531,0.0,1.0,0.088897721585,3.373628878,0.61555764727,0.010931447048,1.0,0.088897721585,3.373628878,0.61555764727,0.010931447048,3.0
76,1,76,0,0,0.027073575116,3.5636968449,0.0,1.0,0.089100670555,3.3638696249,0.61339684066,0.011033390075,1.0,0.089100670555,3.3638696249,0.61339684066,0.011033390075,3.0
77,1,77,0,0,0.027259959602,3.5541199667,0.0,1.0,0.089305040822,3.3541135674,0.61122136324,0.011134159451,1.0,0.089305040822,3.3541135674,0.61122136324,0.011134159451,3.0
78,1,78,0,0,0.027442232501,3.5445459657,0.0,1.0,0.089510834421,3.3443607168,0.60903128936,0.011233792882,1.0,0.089510834421,3.3443607168,0.60903128936,0.011233792882,3.0
79,1,79,0,0,0.027620506086,3.5349748887,0.0,1.0,0.089718053202,3.3346110825,0.60682669858,0.0113323266,1.0,0.089718053202,3.3346110825,0.60682669858,0.0113323266,3.0
80,1,80,0,0,0.027794888837,3.5254067823,0.0,1.0,0.089926698824,3.3248646721,0.6046076757,0.011429795469,1.0,0.089926698824,3.3248646721,0.6046076757,0.011429795469,3.0
81,1,81,0,0,0.027965485686,3.5158416924,0.0,1.0,0.09013677275,3.3151214916,0.60237431084,0.011526233076,1.0,0.09013677275,3.3151214916,0.60237431084,0.011526233076,3.0
82,1,82,0,0,0.028132398248,3.5062796647,0.0,1.0,0.090348276247,3.3053815449,0.6001266995,0.011621671813,1.0,0.090348276247,3.3053815449,0.6001266995,0.011621671813,3.0
83,1,83,0,0,0.028295725024,3.4967207443,0.0,1.0,0.090561210378,3.2956448342,0.59786494262,0.011716142958,1.0,0.090561210378,3.2956448342,0.59786494262,0.011716142958,3.0
84,1,84,0,0,0.028455561596,3.487164976,0.0,1.0,0.090775575999,3.2859113598,0.59558914662,0.011809676743,1.0,0.090775575999,3.2859113598,0.59558914662,0.011809676743,3.0
85,1,85,0,0,0.028612000804,3.477612404,0.0,1.0,0.090991373757,3.2761811201,0.59329942346,0.011902302422,1.0,0.090991373757,3.2761811201,0.59329942346,0.011902302422,3.0
86,1,86,0,0,0.028765132908,3.4680630718,0.0,1.0,0.091208604083,3.2664541112,0.59099589068,0.011994048332,1.0,0.091208604083,3.2664541112,0.59099589068,0.011994048332,3.0
87,1,87,0,0,0.028915045736,3.4585170227,0.0,1.0,0.091427267191,3.2567303277,0.58867867146,0.012084941949,1.0,0.091427267191,3.2567303277,0.58867867146,0.012084941949,3.0
88,1,88,0,0,0.029061824829,3.4489742993,0.0,1.0,0.091647363073,3.2470097618,0.58634789463,0.012175009938,1.0,0.091647363073,3.2470097618,0.58634789463,0.012175009938,3.0
89,1,89,0,0,0.029205553561,3.4394349433,0.0,1.0,0.091868891492,3.2372924039,0.58400369477,0.012264278206,1.0,0.091868891492,3.2372924039,0.58400369477,0.012264278206,3.0
90,1,90,0,0,0.029346313266,3.4298989963,0.0,1.0,0.092091851984,3.2275782421,0.58164621216,0.012352771941,1.0,0.092091851984,3.2275782421,0.58164621216,0.012352771941,3.0
91,1,91,0,0,0.029484183342,3.4203664988,0.0,1.0,0.092316243848,3.2178672624,0.57927559288,0.012440515659,1.0,0.092316243848,3.2178672624,0.57927559288,0.012440515659,3.0
92,1,92,0,0,0.029619241357,3.4108374909,0.0,1.0,0.092542066145,3.2081594489,0.5768919888,0.012527533239,1.0,0.092542066145,3.2081594489,0.5768919888,0.012527533239,3.0
93,1,93,0,0,0.029751563143,3.4013120118,0.0,1.0,0.092769317692,3.1984547833,0.57449555763,0.01261384796,1.0,0.092769317692,3.1984547833,0.57449555763,0.01261384796,3.0
94,1,94,0,0,0.02988122288,3.3917901001,0.0,1.0,0.09299799706,3.1887532451,0.5720864629,0.012699482535,1.0,0.09299799706,3.1887532451,0.5720864629,0.012699482535,3.0
95,1,95,0,0,0.030008293185,3.3822717936,0.0,1.0,0.093228102568,3.1790548117,0.56966487404,0.012784459141,1.0,0.093228102568,3.1790548117,0.56966487404,0.012784459141,3.0
96,1,96,0,0,0.030132845182,3.3727571292,0.0,1.0,0.093459632279,3.1693594581,0.56723096632,0.012868799449,1.0,0.093459632279,3.1693594581,0.56723096632,0.012868799449,3.0
97,1,97,0,0,0.030254948575,3.3632461432,0.0,1.0,0.093692583996,3.1596671572,0.5647849209,0.012952524649,1.0,0.093692583996,3.1596671572,0.5647849209,0.012952524649,3.0
98,1,98,0,0,0.030374671715,3.3537388708,0.0,1.0,0.093926955258,3.1499778796,0.56232692486,0.013035655478,1.0,0.093926955258,3.1499778796,0.56232692486,0.013035655478,3.0
99,1,99,0,0,0.030492081659,3.3442353466,0.0,1.0,0.094162743331,3.1402915934,0.55985717112,0.013118212244,1.0,0.094162743331,3.1402915934,0.55985717112,0.013118212244,3.0
100,1,100,0,0,0.030607244228,3.3347356041,0.0,1.0,0.094399945212,3.1306082646,0.55737585853,0.013200214843,1.0,0.094399945212,3.1306082646,0.55737585853,0.013200214843,3.0
101,1,101,0,0,0.030720224062,3.3252396761,0.0,1.0,0.094638557617,3.1209278568,0.55488319179,0.013281682784,1.0,0.094638557617,3.1209278568,0.55488319179,0.013281682784,3.0
102,1,102,0,0,0.030831084667,3.3157475943,0.0,1.0,0.094878576979,3.1112503313,0.55237938147,0.013362635208,1.0,0.094878576979,3.1112503313,0.55237938147,0.013362635208,3.0
103,1,103,0,0,0.030939888463,3.3062593895,0.0,1.0,0.095119999443,3.1015756468,0.549864644,0.013443090904,1.0,0.095119999443,3.1015756468,0.549864644,0.013443090904,3.0
104,1,104,0,0,0.031046696829,3.2967750915,0.0,1.0,0.09536282086,3.09190376,0.54733920163,0.013523068326,1.0,0.09536282086,3.09190376,0.54733920163,0.013523068326,3.0
105,1,105,0,0,0.03115157014,3.2872947291,0.0,1.0,0.095607036785,3.082234625,0.54480328243,0.013602585609,1.0,0.095607036785,3.082234625,0.54480328243,0.013602585609,3.0
106,1,106,0,0,0.031254567807,3.2778183303,0.0,1.0,0.095852642468,3.0725681937,0.54225712024,0.013681660587,1.0,0.095852642468,3.0725681937,0.54225712024,0.013681660587,3.0
107,1,107,0,0,0.031355748313,3.2683459218,0.0,1.0,0.096099632854,3.0629044155,0.53970095462,0.0137603108,1.0,0.096099632854,3.0629044155,0.53970095462,0.0137603108,3.0
108,1,108,0,0,0.031455169245,3.2588775294,0.0,1.0,0.09634800257,3.0532432374,0.53713503088,0.013838553512,1.0,0.09634800257,3.0532432374,0.53713503088,0.013838553512,3.0
109,1,109,0,0,0.031552887325,3.2494131778,0.0,1.0,0.096597745929,3.0435846043,0.53455959997,0.013916405721,1.0,0.096597745929,3.0435846043,0.53455959997,0.013916405721,3.0
110,1,110,0,0,0.031648958441,3.2399528908,0.0,1.0,0.096848856916,3.0339284585,0.53197491845,0.013993884172,1.0,0.096848856916,3.0339284585,0.53197491845,0.013993884172,3.0
111,1,111,0,0,0.03174343767,3.230496691,0.0,1.0,0.097101329189,3.02427474,0.52938124846,0.014071005364,1.0,0.097101329189,3.02427474,0.52938124846,0.014071005364,3.0
112,1,112,0,0,0.03183637931,3.2210446,0.0,1.0,0.09735515607,3.0146233867,0.52677885764,0.014147785564,1.0,0.09735515607,3.0146233867,0.52677885764,0.014147785564,3.0
113,1,113,0,0,0.031927836896,3.2115966381,0.0,1.0,0.09761033054,3.004974334,0.52416801911,0.014224240812,1.0,0.09761033054,3.004974334,0.52416801911,0.014224240812,3.0
114,1,114,0,0,0.032017863231,3.2021528249,0.0,1.0,0.097866845233,2.9953275151,0.52154901135,0.014300386933,1.0,0.097866845233,2.9953275151,0.52154901135,0.014300386933,3.0
115,1,115,0,0,0.032106510401,3.1927131788,0.0,1.0,0.098124692429,2.9856828609,0.51892211817,0.014376239543,1.0,0.098124692429,2.9856828609,0.51892211817,0.014376239543,3.0
116,1,116,0,0,0.032193829795,3.1832777169,0.0,1.0,0.098383864053,2.9760403001,0.51628762861,0.014451814059,1.0,0.098383864053,2.9760403001,0.51628762861,0.014451814059,3.0
117,1,117,0,0,0.032279872127,3.1738464554,0.0,1.0,0.098644351662,2.9663997592,0.51364583692,0.014527125699,1.0,0.098644351662,2.9663997592,0.51364583692,0.014527125699,3.0
118,1,118,0,0,0.032364687453,3.1644194097,0.0,1.0,0.098906146443,2.9567611627,0.51099704238,0.0146021895,1.0,0.098906146443,2.9567611627,0.51099704238,0.0146021895,3.0
119,1,119,0,0,0.032448325183,3.1549965936,0.0,1.0,0.099169239205,2.9471244328,0.50834154932,0.014677020312,1.0,0.099169239205,2.9471244328,0.50834154932,0.014677020312,3.0
120,1,120,0,0,0.032530834103,3.1455780204,0.0,1.0,0.099433620375,2.9374894896,0.50567966696,0.014751632811,1.0,0.099433620375,2.9374894896,0.50567966696,0.014751632811,3.0
121,1,121,0,0,0.032612262382,3.136163702,0.0,1.0,0.099699279987,2.9278562513,0.50301170932,0.014826041503,1.0,0.099699279987,2.9278562513,0.50301170932,0.014826041503,3.0
122,1,122,0,0,0.032692657595,3.1267536495,0.0,1.0,0.09996620768,2.9182246341,0.50033799515,0.014900260727,1.0,0.09996620768,2.9182246341,0.50033799515,0.014900260727,3.0
123,1,123,0,0,0.032772066726,3.1173478729,0.0,1.0,0.10023439269,2.9085945521,0.49765884782,0.01497430466,1.0,0.10023439269,2.9085945521,0.49765884782,0.01497430466,3.0
124,1,124,0,0,0.032850536188,3.1079463813,0.0,1.0,0.10050382384,2.8989659178,0.49497459518,0.015048187323,1.0,0.10050382384,2.8989659178,0.49497459518,0.015048187323,3.0
125,1,125,0,0,0.032928111831,3.0985491829,0.0,1.0,0.10077448954,2.8893386417,0.49228556947,0.015121922582,1.0,0.10077448954,2.8893386417,0.49228556947,0.015121922582,3.0
126,1,126,0,0,0.033004838952,3.0891562847,0.0,1.0,0.10104637777,2.8797126325,0.48959210723,0.015195524152,1.0,0.10104637777,2.8797126325,0.48959210723,0.015195524152,3.0
127,1,127,0,0,0.033080762307,3.0797676933,0.0,1.0,0.10131947608,2.8700877972,0.48689454911,0.015269005602,1.0,0.10131947608,2.8700877972,0.48689454911,0.015269005602,3.0
128,1,128,0,0,0.033155926106,3.0703834131,0.0,1.0,0.10159377162,2.8604640405,0.4841932397,0.015342380361,1.0,0.10159377162,2.8604640405,0.4841932397,0.015342380361,3.0
129,1,129,0,0,0.033230374087,3.0610034499,0.0,1.0,0.10186925102,2.8508412672,0.48148852764,0.015415661711,1.0,0.10186925102,2.8508412672,0.48148852764,0.015415661711,3.0
130,1,130,0,0,0.033304149416,3.0516278074,0.0,1.0,0.10214590049,2.8412193797,0.47878076538,0.015488862792,1.0,0.10214590049,2.8412193797,0.47878076538,0.015488862792,3.0
131,1,131,0,0,0.033377294773,3.0422564888,0.0,1.0,0.1024237058,2.8315982789,0.47607030892,0.015561996611,1.0,0.1024237058,2.8315982789,0.47607030892,0.015561996611,3.0
132,1,132,0,0,0.033449852342,3.0328894964,0.0,1.0,0.10270265223,2.8219778644,0.47335751769,0.01563507604,1.0,0.10270265223,2.8219778644,0.47335751769,0.01563507604,3.0
133,1,133,0,0,0.033521863815,3.0235268319,0.0,1.0,0.1029827246,2.8123580346,0.47064275449,0.015708113817,1.0,0.1029827246,2.8123580346,0.47064275449,0.015708113817,3.0
134,1,134,0,0,0.033593370401,3.0141684966,0.0,1.0,0.10326390724,2.8027386866,0.46792638531,0.015781122547,1.0,0.10326390724,2.8027386866,0.46792638531,0.015781122547,3.0
135,1,135,0,0,0.033664412831,3.0048144908,0.0,1.0,0.10354618399,2.7931197166,0.46520877915,0.015854114708,1.0,0.10354618399,2.7931197166,0.46520877915,0.015854114708,3.0
136,1,136,0,0,0.033735031365,2.9954648147,0.0,1.0,0.10382953821,2.7835010195,0.4624903079,0.015927102644,1.0,0.10382953821,2.7835010195,0.4624903079,0.015927102644,3.0
137,1,137,0,0,0.033805265798,2.9861194678,0.0,1.0,0.10411395274,2.7738824897,0.45977134616,0.016000098574,1.0,0.10411395274,2.7738824897,0.45977134616,0.016000098574,3.0
138,1,138,0,0,0.033875155463,2.9767784491,0.0,1.0,0.10439940991,2.7642640205,0.45705227109,0.016073114586,1.0,0.10439940991,2.7642640205,0.45705227109,0.016073114586,3.0
139,1,139,0,0,0.033944739243,2.9674417576,0.0,1.0,0.10468589154,2.7546455045,0.4543334622,0.016146162643,1.0,0.10468589154,2.7546455045,0.4543334622,0.016146162643,3.0
140,1,140,0,0,0.034014055567,2.9581093917,0.0,1.0,0.10497337893,2.7450268338,0.45161530123,0.01621925458,1.0,0.10497337893,2.7450268338,0.45161530123,0.01621925458,3.0
141,1,141,0,0,0.034083142424,2.9487813496,0.0,1.0,0.10526185283,2.7354078999,0.44889817196,0.016292402107,1.0,0.10526185283,2.7354078999,0.44889817196,0.016292402107,3.0
142,1,142,0,0,0.034152037359,2.9394576293,0.0,1.0,0.10555129347,2.7257885938,0.44618246001,0.016365616806,1.0,0.10555129347,2.7257885938,0.44618246001,0.016365616806,3.0
143,1,143,0,0,0.034220777485,2.930138229,0.0,1.0,0.10584168052,2.7161688064,0.44346855268,0.016438910135,1.0,0.10584168052,2.7161688064,0.44346855268,0.016438910135,3.0
144,1,144,0,0,0.034289399481,2.9208231465,0.0,1.0,0.10613299312,2.7065484282,0.44075683873,0.016512293422,1.0,0.10613299312,2.7065484282,0.44075683873,0.016512293422,3.0
145,1,145,0,0,0.034357939599,2.9115123798,0.0,1.0,0.10642520982,2.6969273497,0.43804770826,0.016585777872,1.0,0.10642520982,2.6969273497,0.43804770826,0.016585777872,3.0
146,1,146,0,0,0.034426433669,2.9022059269,0.0,1.0,0.10671830865,2.6873054613,0.43534155244,0.016659374562,1.0,0.10671830865,2.6873054613,0.43534155244,0.016659374562,3.0
147,1,147,0,0,0.034494917099,2.892903786,0.0,1.0,0.10701226702,2.6776826536,0.43263876338,0.016733094442,1.0,0.10701226702,2.6776826536,0.43263876338,0.016733094442,3.0
148,1,148,0,0,0.034563424864,2.8836059563,0.0,1.0,0.10730706178,2.6680588182,0.42993973392,0.016806948322,1.0,0.10730706178,2.6680588182,0.42993973392,0.016806948322,3.0
149,1,149,0,0,0.034631991569,2.874312436,0.0,1.0,0.10760266923,2.6584338454,0.42724485756,0.016880946912,1.0,0.10760266923,2.6584338454,0.42724485756,0.016880946912,3.0
150,1,150,0,0,0.034700651371,2.8650232242,0.0,1.0,0.10789906506,2.648807627,0.42455452778,0.016955100772,1.0,0.10789906506,2.648807627,0.42455452778,0.016955100772,3.0
151,1,151,0,0,0.034769438032,2.8557383206,0.0,1.0,0.10819622438,2.6391800549,0.42186913831,0.017029420338,1.0,0.10819622438,2.6391800549,0.42186913831,0.017029420338,3.0
152,1,152,0,0,0.034838384907,2.8464577253,0.0,1.0,0.10849412168,2.6295510219,0.41918908282,0.017103915914,1.0,0.10849412168,2.6295510219,0.41918908282,0.017103915914,3.0
153,1,153,0,0,0.034907524951,2.8371814391,0.0,1.0,0.10879273089,2.6199204215,0.41651475465,0.017178597674,1.0,0.10879273089,2.6199204215,0.41651475465,0.017178597674,3.0
154,1,154,0,0,0.034976890719,2.8279094633,0.0,1.0,0.10909202531,2.6102881481,0.41384654663,0.01725347566,1.0,0.10909202531,2.6102881481,0.41384654663,0.01725347566,3.0
155,1,155,0,0,0.035046514371,2.8186418002,0.0,1.0,0.10939197765,2.6006540971,0.41118485084,0.017328559782,1.0,0.10939197765,2.6006540971,0.41118485084,0.017328559782,3.0
156,1,156,0,0,0.035116427669,2.8093784529,0.0,1.0,0.10969255999,2.5910181649,0.40853005845,0.017403859814,1.0,0.10969255999,2.5910181649,0.40853005845,0.017403859814,3.0
157,1,157,0,0,0.035186661986,2.8001194251,0.0,1.0,0.10999374383,2.5813802491,0.40588255943,0.017479385394,1.0,0.10999374383,2.5813802491,0.40588255943,0.017479385394,3.0
158,1,158,0,0,0.035257248306,2.790864722,0.0,1.0,0.11029550003,2.5717402487,0.40324274241,0.017555146029,1.0,0.11029550003,2.5717402487,0.40324274241,0.017555146029,3.0
159,1,159,0,0,0.035328217223,2.7816143495,0.0,1.0,0.11059779886,2.5620980641,0.4006109944,0.017631151083,1.0,0.11059779886,2.5620980641,0.4006109944,0.017631151083,3.0
160,1,160,0,0,0.035399598948,2.7723683147,0.0,1.0,0.11090060996,2.5524535971,0.39798770059,0.017707409785,1.0,0.11090060996,2.5524535971,0.39798770059,0.017707409785,3.0
161,1,161,0,0,0.035471423306,2.7631266261,0.0,1.0,0.11120390237,2.5428067511,0.39537324418,0.017783931224,1.0,0.11120390237,2.5428067511,0.39537324418,0.017783931224,3.0
162,1,162,0,0,0.035543719743,2.7538892932,0.0,1.0,0.11150764452,2.5331574314,0.39276800607,0.01786072435,1.0,0.11150764452,2.5331574314,0.39276800607,0.01786072435,3.0
163,1,163,0,0,0.035616517326,2.744656327,0.0,1.0,0.1118118042,2.5235055449,0.39017236471,0.017937797968,1.0,0.1118118042,2.5235055449,0.39017236471,0.017937797968,3.0
164,1,164,0,0,0.035689844742,2.7354277401,0.0,1.0,0.11211634863,2.5138510005,0.38758669586,0.018015160746,1.0,0.11211634863,2.5138510005,0.38758669586,0.018015160746,3.0
165,1,165,0,0,0.035763730305,2.7262035463,0.0,1.0,0.11242124441,2.5041937091,0.38501137236,0.018092821204,1.0,0.11242124441,2.5041937091,0.38501137236,0.018092821204,3.0
166,1,166,0,0,0.035838201956,2.7169837612,0.0,1.0,0.11272645752,2.4945335836,0.38244676393,0.018170787719,1.0,0.11272645752,2.4945335836,0.38244676393,0.018170787719,3.0
167,1,167,0,0,0.035913287262,2.7077684021,0.0,1.0,0.11303195336,2.4848705393,0.37989323693,0.018249068523,1.0,0.11303195336,2.4848705393,0.37989323693,0.018249068523,3.0
168,1,168,0,0,0.035989013422,2.6985574877,0.0,1.0,0.11333769675,2.4752044934,0.37735115416,0.018327671704,1.0,0.11333769675,2.4752044934,0.37735115416,0.018327671704,3.0
169,1,169,0,0,0.036065407269,2.6893510388,0.0,1.0,0.1136436519,2.4655353657,0.37482087465,0.018406605199,1.0,0.1136436519,2.4655353657,0.37482087465,0.018406605199,3.0
170,1,170,0,0,0.036142495268,2.680149078,0.0,1.0,0.11394978244,2.4558630783,0.37230275343,0.018485876799,1.0,0.11394978244,2.4558630783,0.37230275343,0.018485876799,3.0
171,1,171,0,0,0.036220303522,2.6709516295,0.0,1.0,0.11425605145,2.4461875559,0.3697971413,0.018565494149,1.0,0.11425605145,2.4461875559,0.3697971413,0.018565494149,3.0
172,1,172,0,0,0.036298857773,2.6617587198,0.0,1.0,0.11456242143,2.4365087256,0.36730438468,0.018645464743,1.0,0.11456242143,2.4365087256,0.36730438468,0.018645464743,3.0
173,1,173,0,0,0.036378183403,2.6525703774,0.0,1.0,0.11486885434,2.4268265172,0.36482482534,0.018725795924,1.0,0.11486885434,2.4268265172,0.36482482534,0.018725795924,3.0
174,1,174,0,0,0.036458305438,2.6433866326,0.0,1.0,0.11517531157,2.4171408633,0.36235880023,0.018806494889,1.0,0.11517531157,2.4171408633,0.36235880023,0.018806494889,3.0
175,1,175,0,0,0.03653924855,2.6342075182,0.0,1.0,0.11548175401,2.407451699,0.35990664126,0.018887568682,1.0,0.11548175401,2.407451699,0.35990664126,0.018887568682,3.0
176,1,176,0,0,0.03662103706,2.6250330689,0.0,1.0,0.11578814202,2.3977589624,0.35746867512,0.0189690242,1.0,0.11578814202,2.3977589624,0.35746867512,0.0189690242,3.0
177,1,177,0,0,0.036703694937,2.6158633218,0.0,1.0,0.11609443545,2.3880625943,0.35504522306,0.019050868186,1.0,0.11609443545,2.3880625943,0.35504522306,0.019050868186,3.0
178,1,178,0,0,0.036787245808,2.6066983161,0.0,1.0,0.11640059365,2.3783625385,0.35263660073,0.019133107237,1.0,0.11640059365,2.3783625385,0.35263660073,0.019133107237,3.0
179,1,179,0,0,0.036871712954,2.5975380934,0.0,1.0,0.11670657552,2.3686587418,0.35024311795,0.019215747799,1.0,0.11670657552,2.3686587418,0.35024311795,0.019215747799,3.0
180,1,180,0,0,0.036957119316,2.5883826977,0.0,1.0,0.11701233947,2.3589511537,0.34786507859,0.019298796167,1.0,0.11701233947,2.3589511537,0.34786507859,0.019298796167,3.0
181,1,181,0,0,0.037043487499,2.5792321754,0.0,1.0,0.1173178435,2.349239727,0.34550278033,0.01938225849,1.0,0.1173178435,2.349239727,0.34550278033,0.01938225849,3.0
182,1,182,0,0,0.037130839773,2.5700865753,0.0,1.0,0.11762304516,2.3395244174,0.34315651451,0.019466140769,1.0,0.11762304516,2.3395244174,0.34315651451,0.019466140769,3.0
183,1,183,0,0,0.037219198082,2.5609459485,0.0,1.0,0.1179279016,2.3298051835,0.34082656596,0.019550448856,1.0,0.1179279016,2.3298051835,0.34082656596,0.019550448856,3.0
184,1,184,0,0,0.037308584039,2.5518103488,0.0,1.0,0.11823236959,2.3200819872,0.33851321287,0.01963518846,1.0,0.11823236959,2.3200819872,0.33851321287,0.01963518846,3.0
185,1,185,0,0,0.037399018941,2.5426798325,0.0,1.0,0.11853640554,2.3103547934,0.33621672658,0.019720365144,1.0,0.11853640554,2.3103547934,0.33621672658,0.019720365144,3.0
186,1,186,0,0,0.037490523763,2.5335544584,0.0,1.0,0.11883996552,2.30062357,0.33393737146,0.019805984331,1.0,0.11883996552,2.30062357,0.33393737146,0.019805984331,3.0
187,1,187,0,0,0.037583119171,2.5244342876,0.0,1.0,0.11914300526,2.2908882882,0.33167540476,0.019892051299,1.0,0.11914300526,2.2908882882,0.33167540476,0.019892051299,3.0
188,1,188,0,0,0.037676825521,2.5153193843,0.0,1.0,0.11944548022,2.2811489221,0.32943107648,0.019978571191,1.0,0.11944548022,2.2811489221,0.32943107648,0.019978571191,3.0
189,1,189,0,0,0.037771662869,2.5062098147,0.0,1.0,0.11974734559,2.2714054488,0.32720462923,0.020065549011,1.0,0.11974734559,2.2714054488,0.32720462923,0.020065549011,3.0
190,1,190,0,0,0.037867650973,2.4971056481,0.0,1.0,0.12004855629,2.2616578488,0.3249962981,0.02015298963,1.0,0.12004855629,2.2616578488,0.3249962981,0.02015298963,3.0
191,1,191,0,0,0.037964809301,2.4880069561,0.0,1.0,0.12034906707,2.2519061054,0.32280631058,0.020240897786,1.0,0.12034906707,2.2519061054,0.32280631058,0.020240897786,3.0
192,1,192,0,0,0.038063157036,2.4789138129,0.0,1.0,0.12064883243,2.2421502049,0.3206348864,0.020329278091,1.0,0.12064883243,2.2421502049,0.3206348864,0.020329278091,3.0
193,1,193,0,0,0.038162713083,2.4698262956,0.0,1.0,0.12094780677,2.2323901368,0.31848223745,0.02041813503,1.0,0.12094780677,2.2323901368,0.31848223745,0.02041813503,3.0
194,1,194,0,0,0.038263496076,2.4607444836,0.0,1.0,0.12124594432,2.2226258934,0.31634856771,0.020507472965,1.0,0.12124594432,2.2226258934,0.31634856771,0.020507472965,3.0
195,1,195,0,0,0.038365524385,2.4516684591,0.0,1.0,0.12154319921,2.21285747,0.31423407312,0.020597296142,1.0,0.12154319921,2.21285747,0.31423407312,0.020597296142,3.0
196,1,196,0,0,0.038468816125,2.4425983068,0.0,1.0,0.12183952551,2.203084865,0.31213894156,0.020687608692,1.0,0.12183952551,2.203084865,0.31213894156,0.020687608692,3.0
197,1,197,0,0,0.038573389163,2.4335341141,0.0,1.0,0.12213487725,2.1933080794,0.3100633527,0.020778414635,1.0,0.12213487725,2.1933080794,0.3100633527,0.020778414635,3.0
198,1,198,0,0,0.038679261126,2.424475971,0.0,1.0,0.12242920844,2.1835271171,0.30800747804,0.020869717887,1.0,0.12242920844,2.1835271171,0.30800747804,0.020869717887,3.0
199,1,199,0,0,0.03878644941,2.4154239699,0.0,1.0,0.12272247312,2.1737419848,0.30597148075,0.020961522262,1.0,0.12272247312,2.1737419848,0.30597148075,0.020961522262,3.0
200,1,200,0,0,0.03889497119,2.4063782061,0.0,1.0,0.12301462538,2.163952692,0.30395551571,0.021053831479,1.0,0.12301462538,2.163952692,0.30395551571,0.021053831479,3.0
201,1,201,0,0,0.039004843431,2.3973387771,0.0,1.0,0.1233056194,2.1541592507,0.30195972944,0.021146649166,1.0,0.1233056194,2.1541592507,0.30195972944,0.021146649166,3.0
202,1,202,0,0,0.039116082895,2.3883057832,0.0,1.0,0.12359540949,2.1443616756,0.29998426007,0.021239978867,1.0,0.12359540949,2.1443616756,0.29998426007,0.021239978867,3.0
203,1,203,0,0,0.039228706155,2.3792793271,0.0,1.0,0.12388395011,2.1345599839,0.29802923733,0.021333824046,1.0,0.12388395011,2.1345599839,0.29802923733,0.021333824046,3.0
204,1,204,0,0,0.039342729603,2.3702595141,0.0,1.0,0.1241711959,2.1247541954,0.29609478252,0.021428188095,1.0,0.1241711959,2.1247541954,0.29609478252,0.021428188095,3.0
205,1,205,0,0,0.039458169464,2.3612464519,0.0,1.0,0.12445710174,2.1149443322,0.29418100856,0.021523074338,1.0,0.12445710174,2.1149443322,0.29418100856,0.021523074338,3.0
206,1,206,0,0,0.039575041808,2.3522402508,0.0,1.0,0.12474162277,2.1051304186,0.29228801991,0.021618486042,1.0,0.12474162277,2.1051304186,0.29228801991,0.021618486042,3.0
207,1,207,0,0,0.03969336256,2.3432410232,0.0,1.0,0.12502471441,2.0953124815,0.29041591269,0.021714426419,1.0,0.12502471441,2.0953124815,0.29041591269,0.021714426419,3.0
208,1,208,0,0,0.039813147516,2.3342488844,0.0,1.0,0.12530633242,2.0854905497,0.28856477461,0.021810898635,1.0,0.12530633242,2.0854905497,0.28856477461,0.021810898635,3.0
209,1,209,0,0,0.039934412355,2.3252639517,0.0,1.0,0.1255864329,2.0756646543,0.28673468504,0.02190790582,1.0,0.1255864329,2.0756646543,0.28673468504,0.02190790582,3.0
210,1,210,0,0,0.040057172654,2.3162863451,0.0,1.0,0.12586497239,2.0658348284,0.28492571508,0.022005451071,1.0,0.12586497239,2.0658348284,0.28492571508,0.022005451071,3.0
211,1,211,0,0,0.0401814439,2.3073161866,0.0,1.0,0.12614190781,2.0560011069,0.28313792756,0.022103537465,1.0,0.12614190781,2.0560011069,0.28313792756,0.022103537465,3.0
212,1,212,0,0,0.040307241507,2.2983536007,0.0,1.0,0.12641719658,2.0461635268,0.28137137708,0.022202168063,1.0,0.12641719658,2.0461635268,0.28137137708,0.022202168063,3.0
213,1,213,0,0,0.040434580833,2.2893987143,0.0,1.0,0.12669079662,2.0363221267,0.27962611016,0.02230134592,1.0,0.12669079662,2.0363221267,0.27962611016,0.02230134592,3.0
214,1,214,0,0,0.040563477192,2.2804516565,0.0,1.0,0.12696266637,2.0264769471,0.27790216521,0.022401074096,1.0,0.12696266637,2.0264769471,0.27790216521,0.022401074096,3.0
215,1,215,0,0,0.040693945874,2.2715125584,0.0,1.0,0.12723276482,2.0166280301,0.27619957268,0.022501355662,1.0,0.12723276482,2.0166280301,0.27619957268,0.022501355662,3.0
216,1,216,0,0,0.040826002159,2.2625815538,0.0,1.0,0.1275010516,2.0067754192,0.27451835507,0.022602193709,1.0,0.1275010516,2.0067754192,0.27451835507,0.022602193709,3.0
217,1,217,0,0,0.040959661338,2.2536587782,0.0,1.0,0.12776748694,1.9969191594,0.27285852713,0.022703591361,1.0,0.12776748694,1.9969191594,0.27285852713,0.022703591361,3.0
218,1,218,0,0,0.041094938727,2.2447443697,0.0,1.0,0.12803203174,1.9870592971,0.27122009583,0.022805551779,1.0,0.12803203174,1.9870592971,0.27122009583,0.022805551779,3.0
219,1,219,0,0,0.041231849689,2.2358384681,0.0,1.0,0.12829464759,1.9771958802,0.26960306056,0.022908078177,1.0,0.12829464759,1.9771958802,0.26960306056,0.022908078177,3.0
220,1,220,0,0,0.041370409649,2.2269412159,0.0,1.0,0.12855529682,1.9673289575,0.2680074132,0.023011173828,1.0,0.12855529682,1.9673289575,0.2680074132,0.023011173828,3.0
221,1,221,0,0,0.041510634119,2.2180527572,0.0,1.0,0.12881394249,1.957458579,0.26643313823,0.023114842075,1.0,0.12881394249,1.957458579,0.26643313823,0.023114842075,3.0
222,1,222,0,0,0.041652538711,2.2091732384,0.0,1.0,0.12907054845,1.947584796,0.26488021286,0.023219086342,1.0,0.12907054845,1.947584796,0.26488021286,0.023219086342,3.0
223,1,223,0,0,0.041796139165,2.2003028079,0.0,1.0,0.12932507937,1.9377076603,0.26334860718,0.023323910146,1.0,0.12932507937,1.9377076603,0.26334860718,0.023323910146,3.0
224,1,224,0,0,0.041941451363,2.1914416164,0.0,1.0,0.12957750074,1.927827225,0.26183828424,0.023429317104,1.0,0.12957750074,1.927827225,0.26183828424,0.023429317104,3.0
225,1,225,0,0,0.042088491354,2.1825898163,0.0,1.0,0.12982777892,1.9179435438,0.26034920022,0.023535310949,1.0,0.12982777892,1.9179435438,0.26034920022,0.023535310949,3.0
226,1,226,0,0,0.042237275377,2.1737475622,0.0,1.0,0.13007588117,1.9080566711,0.25888130455,0.023641895535,1.0,0.13007588117,1.9080566711,0.25888130455,0.023641895535,3.0
227,1,227,0,0,0.04238781988,2.1649150107,0.0,1.0,0.13032177563,1.8981666622,0.25743454007,0.023749074855,1.0,0.13032177563,1.8981666622,0.25743454007,0.023749074855,3.0
228,1,228,0,0,0.042540141545,2.1560923204,0.0,1.0,0.1305654314,1.8882735726,0.25600884319,0.023856853048,1.0,0.1305654314,1.8882735726,0.25600884319,0.023856853048,3.0
229,1,229,0,0,0.042694257312,2.1472796518,0.0,1.0,0.13080681854,1.8783774585,0.25460414398,0.023965234412,1.0,0.13080681854,1.8783774585,0.25460414398,0.023965234412,3.0
230,1,230,0,0,0.042850184401,2.1384771674,0.0,1.0,0.13104590807,1.8684783765,0.25322036639,0.024074223415,1.0,0.13104590807,1.8684783765,0.25322036639,0.024074223415,3.0
231,1,231,0,0,0.043007940337,2.1296850319,0.0,1.0,0.131282672,1.8585763836,0.25185742837,0.024183824708,1.0,0.131282672,1.8585763836,0.25185742837,0.024183824708,3.0
232,1,232,0,0,0.043167542976,2.1209034117,0.0,1.0,0.13151708339,1.848671537,0.25051524205,0.024294043137,1.0,0.13151708339,1.848671537,0.25051524205,0.024294043137,3.0
233,1,233,0,0,0.043329010529,2.1121324754,0.0,1.0,0.13174911629,1.8387638942,0.24919371385,0.024404883755,1.0,0.13174911629,1.8387638942,0.24919371385,0.024404883755,3.0
234,1,234,0,0,0.043492361588,2.1033723932,0.0,1.0,0.13197874582,1.8288535127,0.24789274471,0.024516351832,1.0,0.13197874582,1.8288535127,0.24789274471,0.024516351832,3.0
235,1,235,0,0,0.043657615155,2.0946233378,0.0,1.0,0.13220594817,1.8189404503,0.24661223022,0.024628452873,1.0,0.13220594817,1.8189404503,0.24661223022,0.024628452873,3.0
236,1,236,0,0,0.043824790664,2.0858854834,0.0,1.0,0.13243070059,1.8090247647,0.24535206076,0.024741192622,1.0,0.13243070059,1.8090247647,0.24535206076,0.024741192622,3.0
237,1,237,0,0,0.043993908013,2.0771590065,0.0,1.0,0.13265298142,1.7991065135,0.24411212173,0.024854577085,1.0,0.13265298142,1.7991065135,0.24411212173,0.024854577085,3.0
238,1,238,0,0,0.044164987589,2.0684440855,0.0,1.0,0.1328727701,1.7891857545,0.24289229363,0.024968612533,1.0,0.1328727701,1.7891857545,0.24289229363,0.024968612533,3.0
239,1,239,0,0,0.044338050299,2.0597409008,0.0,1.0,0.1330900472,1.779262545,0.24169245231,0.025083305521,1.0,0.1330900472,1.779262545,0.24169245231,0.025083305521,3.0
240,1,240,0,0,0.044513117596,2.0510496348,0.0,1.0,0.13330479437,1.7693369424,0.2405124691,0.025198662898,1.0,0.13330479437,1.7693369424,0.2405124691,0.025198662898,3.0
241,1,241,0,0,0.044690211513,2.0423704719,0.0,1.0,0.13351699441,1.7594090036,0.23935221095,0.025314691824,1.0,0.13351699441,1.7594090036,0.23935221095,0.025314691824,3.0
242,1,242,0,0,0.044869354688,2.0337035987,0.0,1.0,0.13372663124,1.7494787856,0.23821154063,0.025431399777,1.0,0.13372663124,1.7494787856,0.23821154063,0.025431399777,3.0
243,1,243,0,0,0.0450505704,2.0250492038,0.0,1.0,0.13393368992,1.7395463446,0.23709031692,0.025548794571,1.0,0.13393368992,1.7395463446,0.23709031692,0.025548794571,3.0
244,1,244,0,0,0.045233882596,2.0164074778,0.0,1.0,0.13413815664,1.7296117368,0.2359883947,0.025666884369,1.0,0.13413815664,1.7296117368,0.2359883947,0.025666884369,3.0
245,1,245,0,0,0.045419315929,2.0077786137,0.0,1.0,0.13434001873,1.7196750178,0.23490562518,0.025785677694,1.0,0.13434001873,1.7196750178,0.23490562518,0.025785677694,3.0
246,1,246,0,0,0.045606895782,1.9991628063,0.0,1.0,0.13453926467,1.7097362428,0.23384185603,0.025905183445,1.0,0.13453926467,1.7097362428,0.23384185603,0.025905183445,3.0
247,1,247,0,0,0.045796648312,1.9905602528,0.0,1.0,0.13473588407,1.6997954666,0.23279693155,0.02602541091,1.0,0.13473588407,1.6997954666,0.23279693155,0.02602541091,3.0
248,1,248,0,0,0.045988600476,1.9819711526,0.0,1.0,0.13492986768,1.6898527432,0.23177069284,0.026146369781,1.0,0.13492986768,1.6898527432,0.23177069284,0.026146369781,3.0
249,1,249,0,0,0.046182780069,1.9733957072,0.0,1.0,0.13512120739,1.6799081264,0.23076297793,0.026268070166,1.0,0.13512120739,1.6799081264,0.23076297793,0.026268070166,3.0
250,1,250,0,0,0.046379215761,1.9648341207,0.0,1.0,0.13530989621,1.6699616693,0.22977362195,0.026390522605,1.0,0.13530989621,1.6699616693,0.22977362195,0.026390522605,3.0
251,1,251,0,0,0.046577937133,1.9562865992,0.0,1.0,0.13549592828,1.6600134242,0.22880245731,0.026513738085,1.0,0.13549592828,1.6600134242,0.22880245731,0.026513738085,3.0
252,1,252,0,0,0.046778974714,1.9477533512,0.0,1.0,0.13567929886,1.6500634432,0.2278493138,0.02663772805,1.0,0.13567929886,1.6500634432,0.2278493138,0.02663772805,3.0
253,1,253,0,0,0.046982360018,1.9392345878,0.0,1.0,0.13586000434,1.6401117773,0.22691401878,0.026762504424,1.0,0.13586000434,1.6401117773,0.22691401878,0.026762504424,3.0
254,1,254,0,0,0.047188125589,1.9307305223,0.0,1.0,0.13603804217,1.6301584771,0.22599639729,0.026888079619,1.0,0.13603804217,1.6301584771,0.22599639729,0.026888079619,3.0
255,1,255,0,0,0.047396305035,1.9222413708,0.0,1.0,0.13621341094,1.6202035925,0.22509627225,0.027014466552,1.0,0.13621341094,1.6202035925,0.22509627225,0.027014466552,3.0
256,1,256,0,0,0.047606933073,1.9137673516,0.0,1.0,0.13638611029,1.6102471725,0.22421346453,0.027141678662,1.0,0.13638611029,1.6102471725,0.22421346453,0.027141678662,3.0
257,1,257,0,0,0.047820045571,1.9053086858,0.0,1.0,0.13655614095,1.6002892657,0.22334779316,0.027269729926,1.0,0.13655614095,1.6002892657,0.22334779316,0.027269729926,3.0
258,1,258,0,0,0.048035679594,1.8968655972,0.0,1.0,0.13672350471,1.5903299196,0.2224990754,0.027398634874,1.0,0.13672350471,1.5903299196,0.2224990754,0.027398634874,3.0
259,1,259,0,0,0.048253873445,1.8884383121,0.0,1.0,0.13688820439,1.5803691814,0.22166712691,0.027528408603,1.0,0.13688820439,1.5803691814,0.22166712691,0.027528408603,3.0
260,1,260,0,0,0.048474666716,1.8800270596,0.0,1.0,0.13705024386,1.5704070972,0.22085176188,0.027659066799,1.0,0.13705024386,1.5704070972,0.22085176188,0.027659066799,3.0
261,1,261,0,0,0.048698100333,1.8716320719,0.0,1.0,0.137209628,1.5604437125,0.22005279315,0.02779062575,1.0,0.137209628,1.5604437125,0.22005279315,0.02779062575,3.0
262,1,262,0,0,0.048924216606,1.8632535836,0.0,1.0,0.13736636269,1.5504790719,0.21927003232,0.027923102366,1.0,0.13736636269,1.5504790719,0.21927003232,0.027923102366,3.0
263,1,263,0,0,0.049153059283,1.8548918326,0.0,1.0,0.13752045479,1.5405132195,0.21850328989,0.028056514194,1.0,0.13752045479,1.5405132195,0.21850328989,0.028056514194,3.0
264,1,264,0,0,0.049384673598,1.8465470597,0.0,1.0,0.13767191214,1.5305461985,0.21775237536,0.028190879438,1.0,0.13767191214,1.5305461985,0.21775237536,0.028190879438,3.0
265,1,265,0,0,0.049619106329,1.8382195087,0.0,1.0,0.13782074353,1.5205780512,0.21701709738,0.028326216981,1.0,0.13782074353,1.5205780512,0.21701709738,0.028326216981,3.0
266,1,266,0,0,0.049856405856,1.8299094266,0.0,1.0,0.13796695867,1.5106088193,0.21629726379,0.028462546397,1.0,0.13796695867,1.5106088193,0.21629726379,0.028462546397,3.0
267,1,267,0,0,0.050096622213,1.8216170635,0.0,1.0,0.13811056819,1.5006385438,0.21559268182,0.028599887978,1.0,0.13811056819,1.5006385438,0.21559268182,0.028599887978,3.0
268,1,268,0,0,0.050339807157,1.813342673,0.0,1.0,0.13825158361,1.4906672648,0.21490315811,0.02873826275,1.0,0.13825158361,1.4906672648,0.21490315811,0.02873826275,3.0
269,1,269,0,0,0.050586014224,1.8050865118,0.0,1.0,0.13839001732,1.4806950217,0.21422849887,0.028877692497,1.0,0.13839001732,1.4806950217,0.21422849887,0.028877692497,3.0
270,1,270,0,0,0.050835298799,1.79684884,0.0,1.0,0.13852588258,1.4707218532,0.21356850994,0.029018199782,1.0,0.13852588258,1.4707218532,0.21356850994,0.029018199782,3.0
271,1,271,0,0,0.051087718182,1.7886299215,0.0,1.0,0.13865919347,1.4607477972,0.21292299691,0.029159807966,1.0,0.13865919347,1.4607477972,0.21292299691,0.029159807966,3.0
272,1,272,0,0,0.051343331657,1.7804300233,0.0,1.0,0.13878996487,1.450772891,0.21229176522,0.029302541239,1.0,0.13878996487,1.450772891,0.21229176522,0.029302541239,3.0
273,1,273,0,0,0.051602200569,1.7722494165,0.0,1.0,0.13891821246,1.440797171,0.2116746202,0.029446424636,1.0,0.13891821246,1.440797171,0.2116746202,0.029446424636,3.0
274,1,274,0,0,0.051864388398,1.7640883757,0.0,1.0,0.13904395269,1.4308206731,0.2110713672,0.029591484068,1.0,0.13904395269,1.4308206731,0.2110713672,0.029591484068,3.0
275,1,275,0,0,0.052129960841,1.7559471792,0.0,1.0,0.13916720274,1.4208434324,0.21048181168,0.029737746344,1.0,0.13916720274,1.4208434324,0.21048181168,0.029737746344,3.0
276,1,276,0,0,0.05239898589,1.7478261094,0.0,1.0,0.13928798054,1.4108654833,0.20990575925,0.0298852392,1.0,0.13928798054,1.4108654833,0.20990575925,0.0298852392,3.0
277,1,277,0,0,0.052671533926,1.7397254525,0.0,1.0,0.13940630469,1.4008868596,0.20934301578,0.030033991328,1.0,0.13940630469,1.4008868596,0.20934301578,0.030033991328,3.0
278,1,278,0,0,0.052947677804,1.7316454989,0.0,1.0,0.13952219448,1.3909075946,0.20879338745,0.030184032403,1.0,0.13952219448,1.3909075946,0.20879338745,0.030184032403,3.0
279,1,279,0,0,0.053227492951,1.7235865431,0.0,1.0,0.13963566985,1.3809277207,0.20825668085,0.030335393114,1.0,0.13963566985,1.3809277207,0.20825668085,0.030335393114,3.0
280,1,280,0,0,0.053511057462,1.7155488836,0.0,1.0,0.13974675137,1.3709472699,0.20773270303,0.030488105198,1.0,0.13974675137,1.3709472699,0.20773270303,0.030488105198,3.0
281,1,281,0,0,0.053798452209,1.7075328235,0.0,1.0,0.13985546022,1.3609662736,0.20722126156,0.030642201469,1.0,0.13985546022,1.3609662736,0.20722126156,0.030642201469,3.0
282,1,282,0,0,0.054089760941,1.6995386702,0.0,1.0,0.13996181816,1.3509847624,0.2067221646,0.030797715855,1.0,0.13996181816,1.3509847624,0.2067221646,0.030797715855,3.0
283,1,283,0,0,0.054385070408,1.6915667356,0.0,1.0,0.14006584752,1.3410027668,0.20623522099,0.030954683437,1.0,0.14006584752,1.3410027668,0.20623522099,0.030954683437,3.0
284,1,284,0,0,0.054684470473,1.6836173361,0.0,1.0,0.14016757116,1.3310203163,0.20576024026,0.03111314048,1.0,0.14016757116,1.3310203163,0.20576024026,0.03111314048,3.0
285,1,285,0,0,0.05498805424,1.675690793,0.0,1.0,0.14026701246,1.3210374404,0.2052970327,0.031273124478,1.0,0.14026701246,1.3210374404,0.2052970327,0.031273124478,3.0
286,1,286,0,0,0.055295918185,1.667787432,0.0,1.0,0.14036419527,1.3110541677,0.20484540943,0.031434674195,1.0,0.14036419527,1.3110541677,0.20484540943,0.031434674195,3.0
287,1,287,0,0,0.055608162293,1.6599075841,0.0,1.0,0.14045914394,1.3010705266,0.20440518246,0.031597829704,1.0,0.14045914394,1.3010705266,0.20440518246,0.031597829704,3.0
288,1,288,0,0,0.055924890207,1.652051585,0.0,1.0,0.14055188325,1.2910865451,0.20397616469,0.031762632437,1.0,0.14055188325,1.2910865451,0.20397616469,0.031762632437,3.0
289,1,289,0,0,0.056246209377,1.6442197754,0.0,1.0,0.14064243839,1.2811022507,0.20355817,0.031929125233,1.0,0.14064243839,1.2811022507,0.20355817,0.031929125233,3.0
290,1,290,0,0,0.056572231222,1.6364125014,0.0,1.0,0.14073083498,1.2711176707,0.20315101331,0.032097352384,1.0,0.14073083498,1.2711176707,0.20315101331,0.032097352384,3.0
291,1,291,0,0,0.0569030713,1.6286301142,0.0,1.0,0.14081709899,1.2611328319,0.20275451054,0.032267359692,1.0,0.14081709899,1.2611328319,0.20275451054,0.032267359692,3.0
292,1,292,0,0,0.057238849485,1.6208729704,0.0,1.0,0.14090125677,1.2511477609,0.20236847874,0.03243919452,1.0,0.14090125677,1.2511477609,0.20236847874,0.03243919452,3.0
293,1,293,0,0,0.057579690156,1.613141432,0.0,1.0,0.14098333497,1.2411624841,0.2019927361,0.032612905855,1.0,0.14098333497,1.2411624841,0.2019927361,0.032612905855,3.0
294,1,294,0,0,0.057925722396,1.6054358667,0.0,1.0,0.14106336058,1.2311770276,0.20162710196,0.032788544364,1.0,0.14106336058,1.2311770276,0.20162710196,0.032788544364,3.0
295,1,295,0,0,0.058277080202,1.5977566476,0.0,1.0,0.14114136089,1.2211914175,0.20127139686,0.032966162465,1.0,0.14114136089,1.2211914175,0.20127139686,0.032966162465,3.0
296,1,296,0,0,0.058633902703,1.590104154,0.0,1.0,0.14121736341,1.2112056796,0.20092544261,0.033145814387,1.0,0.14121736341,1.2112056796,0.20092544261,0.033145814387,3.0
297,1,297,0,0,0.058996334399,1.5824787706,0.0,1.0,0.14129139596,1.2012198396,0.20058906226,0.033327556248,1.0,0.14129139596,1.2012198396,0.20058906226,0.033327556248,3.0
298,1,298,0,0,0.059364525403,1.5748808885,0.0,1.0,0.14136348654,1.1912339232,0.20026208018,0.033511446126,1.0,0.14136348654,1.1912339232,0.20026208018,0.033511446126,3.0
299,1,299,0,0,0.059738631705,1.5673109046,0.0,1.0,0.14143366337,1.1812479562,0.19994432203,0.033697544141,1.0,0.14143366337,1.1812479562,0.19994432203,0.033697544141,3.0
300,1,300,0,0,0.060118815453,1.5597692221,0.0,1.0,0.14150195489,1.1712619643,0.19963561487,0.033885912539,1.0,0.14150195489,1.1712619643,0.19963561487,0.033885912539,3.0
301,1,301,0,0,0.060505245237,1.5522562505,0.0,1.0,0.14156838965,1.1612759734,0.19933578711,0.034076615778,1.0,0.14156838965,1.1612759734,0.19933578711,0.034076615778,3.0
302,1,302,0,0,0.06089809641,1.5447724058,0.0,1.0,0.1416329964,1.1512900096,0.19904466858,0.034269720623,1.0,0.1416329964,1.1512900096,0.19904466858,0.034269720623,3.0
303,1,303,0,0,0.06129755141,1.5373181104,0.0,1.0,0.141695804,1.141304099,0.19876209052,0.034465296246,1.0,0.141695804,1.141304099,0.19876209052,0.034465296246,3.0
304,1,304,0,0,0.061703800115,1.5298937934,0.0,1.0,0.14175684141,1.1313182681,0.19848788562,0.034663414329,1.0,0.14175684141,1.1313182681,0.19848788562,0.034663414329,3.0
305,1,305,0,0,0.062117040213,1.5224998906,0.0,1.0,0.1418161377,1.121332544,0.19822188804,0.034864149173,1.0,0.1418161377,1.121332544,0.19822188804,0.034864149173,3.0
306,1,306,0,0,0.062537477596,1.5151368448,0.0,1.0,0.14187372201,1.1113469537,0.19796393344,0.03506757782,1.0,0.14187372201,1.1113469537,0.19796393344,0.03506757782,3.0
307,1,307,0,0,0.06296532678,1.5078051057,0.0,1.0,0.14192962354,1.1013615252,0.19771385894,0.03527378017,1.0,0.14192962354,1.1013615252,0.19771385894,0.03527378017,3.0
308,1,308,0,0,0.063400811353,1.50050513,0.0,1.0,0.14198387153,1.0913762866,0.19747150322,0.035482839116,1.0,0.14198387153,1.0913762866,0.19747150322,0.035482839116,3.0
309,1,309,0,0,0.063844164449,1.4932373819,0.0,1.0,0.14203649524,1.0813912671,0.19723670649,0.035694840683,1.0,0.14203649524,1.0813912671,0.19723670649,0.035694840683,3.0
310,1,310,0,0,0.064295629253,1.4860023326,0.0,1.0,0.14208752393,1.0714064963,0.19700931048,0.035909874176,1.0,0.14208752393,1.0714064963,0.19700931048,0.035909874176,3.0
311,1,311,0,0,0.064755459545,1.4788004609,0.0,1.0,0.14213698689,1.0614220049,0.19678915852,0.036128032331,1.0,0.14213698689,1.0614220049,0.19678915852,0.036128032331,3.0
312,1,312,0,0,0.065223920271,1.4716322533,0.0,1.0,0.14218491334,1.0514378243,0.1965760955,0.036349411488,1.0,0.14218491334,1.0514378243,0.1965760955,0.036349411488,3.0
313,1,313,0,0,0.065701288159,1.4644982038,0.0,1.0,0.1422313325,1.041453987,0.19636996788,0.036574111762,1.0,0.1422313325,1.041453987,0.19636996788,0.036574111762,3.0
314,1,314,0,0,0.066187852376,1.4573988144,0.0,1.0,0.1422762735,1.0314705269,0.19617062375,0.036802237233,1.0,0.1422762735,1.0314705269,0.19617062375,0.036802237233,3.0
315,1,315,0,0,0.066683915229,1.4503345948,0.0,1.0,0.14231976544,1.0214874789,0.19597791279,0.037033896141,1.0,0.14231976544,1.0214874789,0.19597791279,0.037033896141,3.0
316,1,316,0,0,0.067189792915,1.4433060631,0.0,1.0,0.14236183732,1.0115048796,0.1957916863,0.037269201103,1.0,0.14236183732,1.0115048796,0.1957916863,0.037269201103,3.0
317,1,317,0,0,0.067705816323,1.4363137455,0.0,1.0,0.14240251804,1.001522767,0.19561179721,0.037508269333,1.0,0.14240251804,1.001522767,0.19561179721,0.037508269333,3.0
318,1,318,0,0,0.068232331898,1.4293581763,0.0,1.0,0.14244183641,0.99154118106,0.19543810008,0.037751222887,1.0,0.14244183641,0.99154118106,0.19543810008,0.037751222887,3.0
319,1,319,0,0,0.068769702558,1.4224398987,0.0,1.0,0.14247982111,0.9815601635,0.19527045113,0.037998188912,1.0,0.14247982111,0.9815601635,0.19527045113,0.037998188912,3.0
320,1,320,0,0,0.069318308685,1.4155594642,0.0,1.0,0.1425165007,0.97157975828,0.1951087082,0.038249299923,1.0,0.1425165007,0.97157975828,0.1951087082,0.038249299923,3.0
321,1,321,0,0,0.069878549192,1.4087174331,0.0,1.0,0.14255190356,0.96160001168,0.19495273082,0.038504694092,1.0,0.14255190356,0.96160001168,0.19495273082,0.038504694092,3.0
322,1,322,0,0,0.070450842658,1.4019143748,0.0,1.0,0.14258605796,0.95162097259,0.19480238015,0.038764515558,1.0,0.14258605796,0.95162097259,0.19480238015,0.038764515558,3.0
323,1,323,0,0,0.071035628557,1.3951508677,0.0,1.0,0.14261899198,0.94164269273,0.19465751905,0.039028914758,1.0,0.14261899198,0.94164269273,0.19465751905,0.039028914758,3.0
324,1,324,0,0,0.071633368583,1.3884274992,0.0,1.0,0.14265073352,0.93166522692,0.19451801202,0.039298048779,1.0,0.14265073352,0.93166522692,0.19451801202,0.039298048779,3.0
325,1,325,0,0,0.072244548071,1.3817448663,0.0,1.0,0.14268131031,0.92168863342,0.19438372526,0.039572081741,1.0,0.14268131031,0.92168863342,0.19438372526,0.039572081741,3.0
326,1,326,0,0,0.072869677532,1.3751035756,0.0,1.0,0.14271074986,0.91171297427,0.19425452664,0.039851185194,1.0,0.14271074986,0.91171297427,0.19425452664,0.039851185194,3.0
327,1,327,0,0,0.073509294307,1.3685042433,0.0,1.0,0.14273907949,0.90173831563,0.19413028571,0.040135538559,1.0,0.14273907949,0.90173831563,0.19413028571,0.040135538559,3.0
328,1,328,0,0,0.074163964362,1.3619474956,0.0,1.0,0.14276632629,0.89176472817,0.19401087373,0.040425329586,1.0,0.14276632629,0.89176472817,0.19401087373,0.040425329586,3.0
329,1,329,0,0,0.074834284217,1.3554339687,0.0,1.0,0.14279251714,0.88179228761,0.19389616363,0.040720754857,1.0,0.14279251714,0.88179228761,0.19389616363,0.040720754857,3.0
330,1,330,0,0,0.07552088304,1.3489643094,0.0,1.0,0.14281767867,0.87182107511,0.19378603004,0.041022020313,1.0,0.14281767867,0.87182107511,0.19378603004,0.041022020313,3.0
331,1,331,0,0,0.076224424915,1.3425391747,0.0,1.0,0.14284183727,0.86185117791,0.19368034928,0.041329341831,1.0,0.14284183727,0.86185117791,0.19368034928,0.041329341831,3.0
332,1,332,0,0,0.076945611302,1.3361592326,0.0,1.0,0.1428650191,0.85188268988,0.19357899937,0.041642945838,1.0,0.1428650191,0.85188268988,0.19357899937,0.041642945838,3.0
333,1,333,0,0,0.077685183699,1.3298251623,0.0,1.0,0.14288725002,0.84191571226,0.19348186004,0.041963069972,1.0,0.14288725002,0.84191571226,0.19348186004,0.041963069972,3.0
334,1,334,0,0,0.078443926546,1.3235376539,0.0,1.0,0.14290855567,0.83195035436,0.19338881271,0.042289963791,1.0,0.14290855567,0.83195035436,0.19338881271,0.042289963791,3.0
335,1,335,0,0,0.07922267037,1.3172974096,0.0,1.0,0.1429289614,0.82198673447,0.19329974049,0.042623889539,1.0,0.1429289614,0.82198673447,0.19329974049,0.042623889539,3.0
336,1,336,0,0,0.08002229522,1.3111051432,0.0,1.0,0.14294849226,0.81202498074,0.19321452823,0.042965122968,1.0,0.14294849226,0.81202498074,0.19321452823,0.042965122968,3.0
337,1,337,0,0,0.080843734398,1.304961581,0.0,1.0,0.14296717304,0.80206523231,0.19313306244,0.043313954224,1.0,0.14296717304,0.80206523231,0.19313306244,0.043313954224,3.0
338,1,338,0,0,0.081687978542,1.298867462,0.0,1.0,0.14298502823,0.79210764045,0.19305523137,0.043670688802,1.0,0.14298502823,0.79210764045,0.19305523137,0.043670688802,3.0
339,1,339,0,0,0.08255608007,1.2928235382,0.0,1.0,0.14300208202,0.78215236989,0.19298092496,0.044035648577,1.0,0.14300208202,0.78215236989,0.19298092496,0.044035648577,3.0
340,1,340,0,0,0.083449158045,1.2868305754,0.0,1.0,0.1430183583,0.77219960038,0.19291003484,0.044409172914,1.0,0.1430183583,0.77219960038,0.19291003484,0.044409172914,3.0
341,1,341,0,0,0.084368403497,1.2808893535,0.0,1.0,0.14303388066,0.76224952832,0.19284245439,0.044791619866,1.0,0.14303388066,0.76224952832,0.19284245439,0.044791619866,3.0
342,1,342,0,0,0.085315085252,1.275000667,0.0,1.0,0.14304867235,0.7523023687,0.19277807864,0.045183367469,1.0,0.14304867235,0.7523023687,0.19277807864,0.045183367469,3.0
343,1,343,0,0,0.086290556312,1.2691653261,0.0,1.0,0.14306275633,0.74235835728,0.19271680438,0.045584815137,1.0,0.14306275633,0.74235835728,0.19271680438,0.045584815137,3.0
344,1,344,0,0,0.087296260876,1.2633841569,0.0,1.0,0.14307615521,0.73241775302,0.19265853005,0.045996385171,1.0,0.14307615521,0.73241775302,0.19265853005,0.045996385171,3.0
345,1,345,0,0,0.08833374203,1.2576580025,0.0,1.0,0.1430888913,0.72248084088,0.19260315585,0.046418524389,1.0,0.1430888913,0.72248084088,0.19260315585,0.046418524389,3.0
346,1,346,0,0,0.089404650217,1.2519877242,0.0,1.0,0.14310098656,0.712547935,0.19255058365,0.046851705885,1.0,0.14310098656,0.712547935,0.19255058365,0.046851705885,3.0
347,1,347,0,0,0.090510752549,1.2463742021,0.0,1.0,0.14311246261,0.70261938229,0.19250071704,0.047296430925,1.0,0.14311246261,0.70261938229,0.19250071704,0.047296430925,3.0
348,1,348,0,0,0.091653943066,1.2408183366,0.0,1.0,0.14312334075,0.69269556661,0.1924534613,0.047753230998,1.0,0.14312334075,0.69269556661,0.1924534613,0.047753230998,3.0
349,1,349,0,0,0.092836254041,1.2353210497,0.0,1.0,0.14313364193,0.68277691346,0.19240872342,0.048222670023,1.0,0.14313364193,0.68277691346,0.19240872342,0.048222670023,3.0
350,1,350,0,0,0.09405986845,1.2298832865,0.0,1.0,0.14314338673,0.67286389547,0.19236641211,0.048705346731,1.0,0.14314338673,0.67286389547,0.19236641211,0.048705346731,3.0
351,1,351,0,0,0.095327133726,1.2245060171,0.0,1.0,0.14315259541,0.66295703857,0.19232643776,0.049201897219,1.0,0.14315259541,0.66295703857,0.19232643776,0.049201897219,3.0
352,1,352,0,0,0.09664057695,1.2191902388,0.0,1.0,0.14316128787,0.65305692926,0.19228871246,0.0497129977,1.0,0.14316128787,0.65305692926,0.19228871246,0.0497129977,3.0
353,1,353,0,0,0.098002921621,1.2139369779,0.0,1.0,0.14316948365,0.64316422285,0.19225315003,0.050239367444,1.0,0.14316948365,0.64316422285,0.19225315003,0.050239367444,3.0
354,1,354,0,0,0.099417106175,1.2087472931,0.0,1.0,0.14317720193,0.63327965312,0.19221966595,0.050781771917,1.0,0.14317720193,0.63327965312,0.19221966595,0.050781771917,3.0
355,1,355,0,0,0.10088630442,1.2036222779,0.0,1.0,0.14318446154,0.62340404342,0.19218817743,0.051341026121,1.0,0.14318446154,0.62340404342,0.19218817743,0.051341026121,3.0
356,1,356,0,0,0.10241394812,1.1985630646,0.0,1.0,0.14319128093,0.61353831957,0.19215860336,0.051917998122,1.0,0.14319128093,0.61353831957,0.19215860336,0.051917998122,3.0
357,1,357,0,0,0.1040037518,1.1935708282,0.0,1.0,0.14319767821,0.60368352495,0.19213086433,0.05251361276,1.0,0.14319767821,0.60368352495,0.19213086433,0.05251361276,3.0
358,1,358,0,0,0.10565974017,1.1886467909,0.0,1.0,0.14320367111,0.59384083792,0.19210488264,0.053128855501,1.0,0.14320367111,0.59384083792,0.19210488264,0.053128855501,3.0
359,1,359,0,0,0.10738627816,1.1837922276,0.0,1.0,0.14320927698,0.5840115923,0.19208058228,0.053764776412,1.0,0.14320927698,0.5840115923,0.19208058228,0.053764776412,3.0
360,1,360,0,0,0.1091881038,1.1790084724,0.0,1.0,0.14321451282,0.57419730122,0.1920578889,0.054422494161,1.0,0.14321451282,0.57419730122,0.1920578889,0.054422494161,3.0
361,1,361,0,0,0.11107036415,1.1742969249,0.0,1.0,0.14321939524,0.56439968497,0.19203672989,0.055103199983,1.0,0.14321939524,0.56439968497,0.19203672989,0.055103199983,3.0
362,1,362,0,0,0.11303865423,1.1696590591,0.0,1.0,0.1432239405,0.55462070368,0.1920170343,0.055808161459,1.0,0.1432239405,0.55462070368,0.1920170343,0.055808161459,3.0
363,1,363,0,0,0.11509905896,1.1650964321,0.0,1.0,0.14322816447,0.5448625955,0.19199873287,0.056538725937,1.0,0.14322816447,0.5448625955,0.19199873287,0.056538725937,3.0
364,1,364,0,0,0.11725819786,1.1606106952,0.0,1.0,0.14323208265,0.53512792128,0.19198175804,0.057296323337,1.0,0.14323208265,0.53512792128,0.19198175804,0.057296323337,3.0
365,1,365,0,0,0.11952327222,1.1562036056,0.0,1.0,0.14323571016,0.52541961684,0.1919660439,0.058082468014,1.0,0.14323571016,0.52541961684,0.1919660439,0.058082468014,3.0
366,1,366,0,0,0.12190211369,1.1518770402,0.0,1.0,0.14323906176,0.51574105391,0.19195152626,0.058898759233,1.0,0.14323906176,0.51574105391,0.19195152626,0.058898759233,3.0
367,1,367,0,0,0.12440323343,1.1476330109,0.0,1.0,0.1432421518,0.50609611099,0.19193814256,0.059746879672,1.0,0.1432421518,0.50609611099,0.19193814256,0.059746879672,3.0
368,1,368,0,0,0.12703586956,1.1434736815,0.0,1.0,0.1432449943,0.49648925547,0.19192583193,0.060628591191,1.0,0.1432449943,0.49648925547,0.19192583193,0.060628591191,3.0
369,1,369,0,0,0.12981003054,1.1394013858,0.0,1.0,0.14324760287,0.48692563796,0.19191453516,0.061545726906,1.0,0.14324760287,0.48692563796,0.19191453516,0.061545726906,3.0
370,1,370,0,0,0.13273653045,1.1354186479,0.0,1.0,0.14324999076,0.47741119999,0.19190419469,0.062500178359,1.0,0.14324999076,0.47741119999,0.19190419469,0.062500178359,3.0
371,1,371,0,0,0.13582701086,1.131528202,0.0,1.0,0.14325217086,0.46795279505,0.19189475459,0.063493876272,1.0,0.14325217086,0.46795279505,0.19189475459,0.063493876272,3.0
372,1,372,0,0,0.13909394254,1.1277330128,0.0,1.0,0.14325415566,0.45855832262,0.19188616056,0.064528763118,1.0,0.14325415566,0.45855832262,0.19188616056,0.064528763118,3.0
373,1,373,0,0,0.14255059749,1.1240362933,0.0,1.0,0.14325595731,0.44923687289,0.19187835992,0.06560675543,1.0,0.14325595731,0.44923687289,0.19187835992,0.06560675543,3.0
374,1,374,0,0,0.1462109806,1.1204415185,0.0,1.0,0.14325758759,0.43999887676,0.19187130157,0.066729693713,1.0,0.14325758759,0.43999887676,0.19187130157,0.066729693713,3.0
375,1,375,0,0,0.15008970651,1.1169524321,0.0,1.0,0.14325905791,0.4308562548,0.191864936,0.067899277561,1.0,0.14325905791,0.4308562548,0.191864936,0.067899277561,3.0
376,1,376,0,0,0.15420180719,1.1135730406,0.0,1.0,0.14326037935,0.42182255103,0.19185921521,0.069116984289,1.0,0.14326037935,0.42182255103,0.19185921521,0.069116984289,3.0
377,1,377,0,0,0.15856245441,1.1103075903,0.0,1.0,0.14326156261,0.41291303391,0.19185409276,0.070383970059,1.0,0.14326156261,0.41291303391,0.19185409276,0.070383970059,3.0
378,1,378,0,0,0.16318658369,1.1071605191,0.0,1.0,0.14326261807,0.40414473994,0.19184952369,0.071700954221,1.0,0.14326261807,0.40414473994,0.19184952369,0.071700954221,3.0
379,1,379,0,0,0.16808841229,1.1041363779,0.0,1.0,0.14326355576,0.39553642895,0.19184546452,0.073068090246,1.0,0.14326355576,0.39553642895,0.19184546452,0.073068090246,3.0
380,1,380,0,0,0.17328085478,1.1012397125,0.0,1.0,0.1432643854,0.38710841642,0.19184187322,0.074484830242,1.0,0.1432643854,0.38710841642,0.19184187322,0.074484830242,3.0
381,1,381,0,0,0.17877485656,1.0984749035,0.0,1.0,0.14326511632,0.3788822488,0.19183870925,0.075949794474,1.0,0.14326511632,0.3788822488,0.19183870925,0.075949794474,3.0
382,1,382,0,0,0.18457868731,1.0958459641,0.0,1.0,0.14326575756,0.37088019652,0.19183593358,0.077460661686,1.0,0.14326575756,0.37088019652,0.19183593358,0.077460661686,3.0
383,1,383,0,0,0.19069725968,1.0933563033,0.0,1.0,0.14326631776,0.3631245587,0.19183350871,0.079014099164,1.0,0.14326631776,0.3631245587,0.19183350871,0.079014099164,3.0
384,1,384,0,0,0.19713155674,1.0910084721,0.0,1.0,0.1432668052,0.35563680342,0.19183139882,0.080605751613,1.0,0.1432668052,0.35563680342,0.19183139882,0.080605751613,3.0
385,1,385,0,0,0.2038782579,1.0888039182,0.0,1.0,0.14326722774,0.34843660407,0.19182956987,0.082230303654,1.0,0.14326722774,0.34843660407,0.19182956987,0.082230303654,3.0
386,1,386,0,0,0.2109296389,1.0867427805,0.0,1.0,0.1432675928,0.3415408668,0.19182798976,0.083881621544,1.0,0.1432675928,0.3415408668,0.19182798976,0.083881621544,3.0
387,1,387,0,0,0.21827378714,1.0848237551,0.0,1.0,0.14326790729,0.33496286487,0.19182662851,0.085552966927,1.0,0.14326790729,0.33496286487,0.19182662851,0.085552966927,3.0
388,1,388,0,0,0.22589512321,1.0830440565,0.0,1.0,0.14326817762,0.32871159266,0.19182545841,0.087237262244,1.0,0.14326817762,0.32871159266,0.19182545841,0.087237262244,3.0
389,1,389,0,0,0.23377516807,1.0813994817,0.0,1.0,0.14326840964,0.32279142191,0.19182445417,0.088927377701,1.0,0.14326840964,0.32279142191,0.19182445417,0.088927377701,3.0
390,1,390,0,0,0.24189345634,1.0798845707,0.0,1.0,0.14326860861,0.31720209316,0.19182359297,0.090616406685,1.0,0.14326860861,0.31720209316,0.19182359297,0.090616406685,3.0
391,1,391,0,0,0.25022848221,1.0784928397,0.0,1.0,0.14326877923,0.31193901985,0.19182285448,0.092297900845,1.0,0.14326877923,0.31193901985,0.19182285448,0.092297900845,3.0
392,1,392,0,0,0.25875857508,1.077217055,0.0,1.0,0.14326892563,0.30699383761,0.1918222208,0.093966045832,1.0,0.14326892563,0.30699383761,0.1918222208,0.093966045832,3.0
393,1,393,0,0,0.26746263177,1.0760495169,0.0,1.0,0.14326905142,0.30235510665,0.19182167635,0.09561577063,1.0,0.14326905142,0.30235510665,0.19182167635,0.09561577063,3.0
394,1,394,0,0,0.27632066817,1.0749823238,0.0,1.0,0.1432691597,0.29800907327,0.19182120768,0.097242793918,1.0,0.1432691597,0.29800907327,0.19182120768,0.097242793918,3.0
395,1,395,0,0,0.28531418639,1.0740076003,0.0,1.0,0.14326925314,0.29394041111,0.19182080328,0.098843618111,1.0,0.14326925314,0.29394041111,0.19182080328,0.098843618111,3.0
396,1,396,0,0,0.29442637683,1.0731176777,0.0,1.0,0.14326933398,0.290132887,0.19182045338,0.10041548495,1.0,0.14326933398,0.290132887,0.19182045338,0.10041548495,3.0
397,1,397,0,0,0.30364218708,1.072305227,0.0,1.0,0.14326940414,0.28656992054,0.19182014969,0.1019563066,1.0,0.14326940414,0.28656992054,0.19182014969,0.1019563066,3.0
398,1,398,0,0,0.31294829296,1.0715633481,0.0,1.0,0.14326946524,0.28323502743,0.19181988523,0.10346458418,1.0,0.14326946524,0.28323502743,0.19181988523,0.10346458418,3.0
399,1,399,0,0,0.32233300439,1.070885621,0.0,1.0,0.14326951863,0.28011215105,0.19181965415,0.10493932293,1.0,0.14326951863,0.28011215105,0.19181965415,0.10493932293,3.0
400,1,400,0,0,0.33178613299,1.070266128,0.0,1.0,0.14326956545,0.27718589527,0.19181945151,0.10637995017,1.0,0.14326956545,0.27718589527,0.19181945151,0.10637995017,3.0
401,1,401,0,0,0.3412988416,1.0696994533,0.0,1.0,0.14326960666,0.27444167516,0.19181927316,0.10778623992,1.0,0.14326960666,0.27444167516,0.19181927316,0.10778623992,3.0
402,1,402,0,0,0.35086349014,1.0691806682,0.0,1.0,0.14326964305,0.27186580299,0.19181911564,0.10915824604,1.0,0.14326964305,0.27186580299,0.19181911564,0.10915824604,3.0
403,1,403,0,0,0.36047348684,1.0687053057,0.0,1.0,0.14326967531,0.26944552502,0.19181897601,0.11049624446,1.0,0.14326967531,0.26944552502,0.19181897601,0.11049624446,3.0
404,1,404,0,0,0.37012314983,1.0682693292,0.0,1.0,0.14326970401,0.26716902281,0.1918188518,0.11180068425,1.0,0.14326970401,0.26716902281,0.1918188518,0.11180068425,3.0
405,1,405,0,0,0.37980758273,1.0678690989,0.0,1.0,0.14326972962,0.26502538966,0.19181874094,0.11307214697,1.0,0.14326972962,0.26502538966,0.19181874094,0.11307214697,3.0
406,1,406,0,0,0.38952256395,1.067501337,0.0,1.0,0.14326975256,0.26300459086,0.19181864166,0.11431131312,1.0,0.14326975256,0.26300459086,0.19181864166,0.11431131312,3.0
407,1,407,0,0,0.39926445015,1.0671630939,0.0,1.0,0.14326977317,0.26109741403,0.19181855246,0.11551893491,1.0,0.14326977317,0.26109741403,0.19181855246,0.11551893491,3.0
408,1,408,0,0,0.40903009259,1.0668517162,0.0,1.0,0.14326979175,0.25929541429,0.19181847206,0.11669581425,1.0,0.14326979175,0.25929541429,0.19181847206,0.11669581425,3.0
409,1,409,0,0,0.41881676536,1.0665648167,0.0,1.0,0.14326980854,0.25759085743,0.19181839939,0.11784278521,1.0,0.14326980854,0.25759085743,0.19181839939,0.11784278521,3.0
410,1,410,0,0,0.42862210394,1.0663002466,0.0,1.0,0.14326982376,0.25597666352,0.19181833349,0.11896070006,1.0,0.14326982376,0.25597666352,0.19181833349,0.11896070006,3.0
411,1,411,0,0,0.43844405293,1.0660560706,0.0,1.0,0.1432698376,0.25444635238,0.19181827359,0.1200504183,1.0,0.1432698376,0.25444635238,0.19181827359,0.1200504183,3.0
412,1,412,0,0,0.4482808216,1.0658305441,0.0,1.0,0.14326985022,0.25299399173,0.19181821897,0.12111279812,1.0,0.14326985022,0.25299399173,0.19181821897,0.12111279812,3.0
413,1,413,0,0,0.45813084607,1.0656220932,0.0,1.0,0.14326986176,0.25161414881,0.19181816906,0.12214868977,1.0,0.14326986176,0.25161414881,0.19181816906,0.12214868977,3.0
414,1,414,3,3,0.46139838698,1.0655565208,0.0,1.0,0.14326986536,0.25117192661,0.19181815346,0.12248634207,1.0,0.14326986536,0.25117192661,0.19181815346,0.12248634207,3.0
415,1,-415,0,0,0.47126396552,1.0653686221,0.0,1.0,0.14326987563,0.24988098314,0.191818109,0.12348826273,1.0,0.14326987563,0.24988098314,0.191818109,0.12348826273,5.0
416,1,-416,0,0,0.48113986412,1.0651946926,0.0,1.0,0.14326988507,0.24865158583,0.19181806814,0.12446562097,1.0,0.14326988507,0.24865158583,0.19181806814,0.12446562097,5.0
417,1,-417,0,0,0.49102506925,1.0650336055,0.0,1.0,0.14326989377,0.24747966199,0.1918180305,0.12541921103,1.0,0.14326989377,0.24747966199,0.1918180305,0.12541921103,5.0
418,1,-418,0,0,0.50091868637,1.0648843388,0.0,1.0,0.1432699018,0.24636146934,0.19181799575,0.1263498052,1.0,0.1432699018,0.24636146934,0.19181799575,0.1263498052,5.0
419,1,-419,0,0,0.51081992401,1.0647459645,0.0,1.0,0.14326990922,0.2452935658,0.1918179636,0.12725815271,1.0,0.14326990922,0.2452935658,0.1918179636,0.12725815271,5.0
420,1,-420,0,0,0.52072808023,1.0646176385,0.0,1.0,0.14326991611,0.24427278207,0.1918179338,0.12814497905,1.0,0.14326991611,0.24427278207,0.1918179338,0.12814497905,5.0
421,1,-421,0,0,0.530642531,1.0644985926,0.0,1.0,0.1432699225,0.24329619695,0.19181790613,0.12901098563,1.0,0.1432699225,0.24329619695,0.19181790613,0.12901098563,5.0
422,1,-422,0,0,0.54056272029,1.0643881261,0.0,1.0,0.14326992845,0.24236111491,0.19181788038,0.12985684976,1.0,0.14326992845,0.24236111491,0.19181788038,0.12985684976,5.0
423,1,-423,0,0,0.5504881515,1.0642855997,0.0,1.0,0.143269934,0.24146504598,0.19181785637,0.13068322484,1.0,0.143269934,0.24146504598,0.19181785637,0.13068322484,5.0
424,1,-424,0,0,0.56041838015,1.0641904287,0.0,1.0,0.14326993918,0.24060568747,0.19181783396,0.1314907407,1.0,0.14326993918,0.24060568747,0.19181783396,0.1314907407,5.0
425,1,-425,0,0,0.57035300754,1.0641020784,0.0,1.0,0.14326994402,0.23978090752,0.19181781301,0.13228000407,1.0,0.14326994402,0.23978090752,0.19181781301,0.13228000407,5.0
426,1,-426,0,0,0.58029167527,1.0640200587,0.0,1.0,0.14326994855,0.23898873031,0.19181779338,0.13305159916,1.0,0.14326994855,0.23898873031,0.19181779338,0.13305159916,5.0
427,1,-427,0,0,0.59023406052,1.0639439199,0.0,1.0,0.14326995281,0.23822732254,0.19181777496,0.13380608828,1.0,0.14326995281,0.23822732254,0.19181777496,0.13380608828,5.0
428,1,-428,0,0,0.60017987192,1.0638732491,0.0,1.0,0.1432699568,0.2374949814,0.19181775767,0.1345440125,1.0,0.1432699568,0.2374949814,0.19181775767,0.1345440125,5.0
429,1,-429,0,0,0.61012884597,1.0638076667,0.0,1.0,0.14326996056,0.23679012352,0.19181774139,0.1352658924,1.0,0.14326996056,0.23679012352,0.19181774139,0.1352658924,5.0
430,1,-430,0,0,0.62008074397,1.0637468232,0.0,1.0,0.14326996411,0.23611127507,0.19181772607,0.13597222875,1.0,0.14326996411,0.23611127507,0.19181772607,0.13597222875,5.0
431,1,-431,0,0,0.63003534923,1.0636903965,0.0,1.0,0.14326996745,0.23545706275,0.19181771161,0.13666350326,1.0,0.14326996745,0.23545706275,0.19181771161,0.13666350326,5.0
432,1,-432,0,0,0.63999246471,1.0636380895,0.0,1.0,0.1432699706,0.23482620562,0.19181769796,0.1373401793,1.0,0.1432699706,0.23482620562,0.19181769796,0.1373401793,5.0
433,1,-433,0,0,0.64995191097,1.0635896279,0.0,1.0,0.14326997358,0.23421750772,0.19181768505,0.1380027026,1.0,0.14326997358,0.23421750772,0.19181768505,0.1380027026,5.0
434,1,-434,0,0,0.65991352426,1.063544758,0.0,1.0,0.1432699764,0.2336298513,0.19181767283,0.13865150197,1.0,0.1432699764,0.2336298513,0.19181767283,0.13865150197,5.0
435,1,-435,0,0,0.66987715494,1.0635032451,0.0,1.0,0.14326997908,0.23306219071,0.19181766126,0.13928698998,1.0,0.14326997908,0.23306219071,0.19181766126,0.13928698998,5.0
436,1,-436,0,0,0.67984266607,1.063464872,0.0,1.0,0.14326998162,0.23251354686,0.19181765027,0.13990956362,1.0,0.14326998162,0.23251354686,0.19181765027,0.13990956362,5.0
437,1,-437,0,0,0.68980993208,1.0634294372,0.0,1.0,0.14326998403,0.23198300208,0.19181763984,0.14051960497,1.0,0.14326998403,0.23198300208,0.19181763984,0.14051960497,5.0
438,1,-438,0,0,0.69977883772,1.0633967537,0.0,1.0,0.14326998632,0.23146969552,0.19181762993,0.1411174818,1.0,0.14326998632,0.23146969552,0.19181762993,0.1411174818,5.0
439,1,-439,0,0,0.70974927703,1.0633666479,0.0,1.0,0.1432699885,0.23097281894,0.19181762049,0.14170354816,1.0,0.1432699885,0.23097281894,0.19181762049,0.14170354816,5.0
440,1,-440,0,0,0.71972115243,1.0633389584,0.0,1.0,0.14326999057,0.2304916128,0.19181761151,0.14227814502,1.0,0.14326999057,0.2304916128,0.19181761151,0.14227814502,5.0
441,1,-441,0,0,0.729694374,1.0633135351,0.0,1.0,0.14326999255,0.23002536272,0.19181760294,0.14284160075,1.0,0.14326999255,0.23002536272,0.19181760294,0.14284160075,5.0
442,1,-442,0,0,0.73966885872,1.0632902383,0.0,1.0,0.14326999444,0.22957339628,0.19181759477,0.1433942317,1.0,0.14326999444,0.22957339628,0.19181759477,0.1433942317,5.0
443,1,-443,0,0,0.74964452985,1.0632689378,0.0,1.0,0.14326999624,0.22913508001,0.19181758697,0.1439363427,1.0,0.14326999624,0.22913508001,0.19181758697,0.1439363427,5.0
444,1,-444,0,0,0.75962131639,1.0632495122,0.0,1.0,0.14326999797,0.22870981667,0.19181757951,0.14446822755,1.0,0.14326999797,0.22870981667,0.19181757951,0.14446822755,5.0
445,1,-445,0,0,0.76959915254,1.0632318481,0.0,1.0,0.14326999961,0.22829704276,0.19181757238,0.14499016948,1.0,0.14326999961,0.22829704276,0.19181757238,0.14499016948,5.0
446,1,-446,0,0,0.77957797729,1.0632158398,0.0,1.0,0.14327000119,0.22789622617,0.19181756555,0.14550244159,1.0,0.14327000119,0.22789622617,0.19181756555,0.14550244159,5.0
447,1,-447,0,0,0.78955773396,1.0632013885,0.0,1.0,0.1432700027,0.22750686411,0.19181755901,0.14600530732,1.0,0.1432700027,0.22750686411,0.19181755901,0.14600530732,5.0
448,1,-448,0,0,0.79953836988,1.0631884018,0.0,1.0,0.14327000415,0.22712848111,0.19181755274,0.14649902079,1.0,0.14327000415,0.22712848111,0.19181755274,0.14649902079,5.0
449,1,-449,0,0,0.80951983602,1.063176793,0.0,1.0,0.14327000554,0.22676062726,0.19181754673,0.14698382725,1.0,0.14327000554,0.22676062726,0.19181754673,0.14698382725,5.0
450,1,-450,0,0,0.8195020867,1.0631664814,0.0,1.0,0.14327000687,0.2264028765,0.19181754096,0.14745996341,1.0,0.14327000687,0.2264028765,0.19181754096,0.14745996341,5.0
451,1,-451,0,0,0.82948507935,1.063157391,0.0,1.0,0.14327000816,0.22605482511,0.19181753541,0.14792765783,1.0,0.14327000816,0.22605482511,0.19181753541,0.14792765783,5.0
452,1,-452,0,0,0.8394687742,1.0631494507,0.0,1.0,0.14327000939,0.22571609028,0.19181753008,0.14838713121,1.0,0.14327000939,0.22571609028,0.19181753008,0.14838713121,5.0
453,1,-453,0,0,0.84945313412,1.0631425939,0.0,1.0,0.14327001057,0.22538630878,0.19181752495,0.14883859676,1.0,0.14327001057,0.22538630878,0.19181752495,0.14883859676,5.0
454,1,-454,0,0,0.85943812438,1.0631367578,0.0,1.0,0.14327001171,0.22506513578,0.19181752002,0.14928226049,1.0,0.14327001171,0.22506513578,0.19181752002,0.14928226049,5.0
455,1,-455,0,0,0.86942371246,1.0631318839,0.0,1.0,0.14327001281,0.22475224364,0.19181751527,0.14971832148,1.0,0.14327001281,0.22475224364,0.19181751527,0.14971832148,5.0
456,1,-456,0,0,0.87940986791,1.0631279168,0.0,1.0,0.14327001387,0.22444732097,0.19181751069,0.15014697221,1.0,0.14327001387,0.22444732097,0.19181751069,0.15014697221,5.0
457,1,-457,0,0,0.88939656218,1.0631248046,0.0,1.0,0.14327001489,0.22415007155,0.19181750628,0.15056839877,1.0,0.14327001489,0.22415007155,0.19181750628,0.15056839877,5.0
458,1,-458,0,0,0.89938376847,1.0631224985,0.0,1.0,0.14327001587,0.22386021349,0.19181750202,0.15098278116,1.0,0.14327001587,0.22386021349,0.19181750202,0.15098278116,5.0
459,1,-459,0,0,0.90937146163,1.0631209527,0.0,1.0,0.14327001682,0.22357747836,0.19181749791,0.15139029352,1.0,0.14327001682,0.22357747836,0.19181749791,0.15139029352,5.0
460,1,-460,0,0,0.91935961799,1.0631201238,0.0,1.0,0.14327001774,0.22330161041,0.19181749395,0.15179110435,1.0,0.14327001774,0.22330161041,0.19181749395,0.15179110435,5.0
461,1,-461,0,0,0.92934821532,1.0631199711,0.0,1.0,0.14327001862,0.22303236583,0.19181749011,0.15218537672,1.0,0.14327001862,0.22303236583,0.19181749011,0.15218537672,5.0
462,1,-462,0,0,0.93933723268,1.0631204562,0.0,1.0,0.14327001948,0.2227695121,0.19181748641,0.15257326854,1.0,0.14327001948,0.2227695121,0.19181748641,0.15257326854,5.0
463,1,-463,0,0,0.94932665035,1.063121543,0.0,1.0,0.1432700203,0.22251282731,0.19181748283,0.15295493271,1.0,0.1432700203,0.22251282731,0.19181748283,0.15295493271,5.0
464,1,-464,0,0,0.95931644974,1.0631231974,0.0,1.0,0.14327002111,0.22226209959,0.19181747936,0.1533305173,1.0,0.14327002111,0.22226209959,0.19181747936,0.1533305173,5.0
465,1,-465,0,0,0.96930661331,1.0631253871,0.0,1.0,0.14327002188,0.22201712657,0.19181747601,0.15370016579,1.0,0.14327002188,0.22201712657,0.19181747601,0.15370016579,5.0
466,1,-466,0,0,0.97929712452,1.0631280819,0.0,1.0,0.14327002263,0.22177771481,0.19181747276,0.15406401721,1.0,0.14327002263,0.22177771481,0.19181747276,0.15406401721,5.0
467,1,-467,0,0,0.98928796773,1.0631312529,0.0,1.0,0.14327002336,0.22154367938,0.19181746962,0.15442220631,1.0,0.14327002336,0.22154367938,0.19181746962,0.15442220631,5.0
468,1,-468,0,0,0.99927912816,1.0631348732,0.0,1.0,0.14327002406,0.22131484336,0.19181746657,0.15477486373,1.0,0.14327002406,0.22131484336,0.19181746657,0.15477486373,5.0
469,1,-469,0,0,1.0092705919,1.0631389171,0.0,1.0,0.14327002475,0.22109103741,0.19181746361,0.15512211615,1.0,0.14327002475,0.22109103741,0.19181746361,0.15512211615,5.0
470,1,-470,0,0,1.0192623456,1.0631433605,0.0,1.0,0.14327002541,0.22087209943,0.19181746074,0.15546408644,1.0,0.14327002541,0.22087209943,0.19181746074,0.15546408644,5.0
471,1,-471,0,0,1.0292543768,1.0631481804,0.0,1.0,0.14327002605,0.22065787409,0.19181745796,0.15580089377,1.0,0.14327002605,0.22065787409,0.19181745796,0.15580089377,5.0
472,1,-472,0,0,1.0392466737,1.0631533552,0.0,1.0,0.14327002667,0.22044821256,0.19181745526,0.15613265382,1.0,0.14327002667,0.22044821256,0.19181745526,0.15613265382,5.0
473,1,-473,0,0,1.049239225,1.0631588645,0.0,1.0,0.14327002728,0.22024297215,0.19181745264,0.15645947883,1.0,0.14327002728,0.22024297215,0.19181745264,0.15645947883,5.0
474,1,-474,0,0,1.0592320201,1.0631646889,0.0,1.0,0.14327002787,0.220042016,0.19181745009,0.15678147776,1.0,0.14327002787,0.220042016,0.19181745009,0.15678147776,5.0
475,1,-475,0,0,1.0692250488,1.0631708099,0.0,1.0,0.14327002844,0.21984521278,0.19181744761,0.1570987564,1.0,0.14327002844,0.21984521278,0.19181744761,0.1570987564,5.0
476,1,-476,0,0,1.0792183015,1.0631772104,0.0,1.0,0.143270029,0.21965243642,0.19181744521,0.15741141749,1.0,0.143270029,0.21965243642,0.19181744521,0.15741141749,5.0
477,1,-477,0,0,1.0892117692,1.0631838737,0.0,1.0,0.14327002954,0.21946356586,0.19181744287,0.15771956083,1.0,0.14327002954,0.21946356586,0.19181744287,0.15771956083,5.0
478,1,-478,0,0,1.0992054431,1.0631907844,0.0,1.0,0.14327003006,0.21927848481,0.19181744059,0.15802328338,1.0,0.14327003006,0.21927848481,0.19181744059,0.15802328338,5.0
479,1,-479,0,0,1.1091993149,1.0631979276,0.0,1.0,0.14327003058,0.21909708148,0.19181743838,0.15832267934,1.0,0.14327003058,0.21909708148,0.19181743838,0.15832267934,5.0
480,1,-480,0,0,1.1191933769,1.0632052893,0.0,1.0,0.14327003107,0.21891924844,0.19181743622,0.15861784028,1.0,0.14327003107,0.21891924844,0.19181743622,0.15861784028,5.0
481,1,-481,0,0,1.1291876216,1.0632128563,0.0,1.0,0.14327003156,0.21874488232,0.19181743412,0.15890885521,1.0,0.14327003156,0.21874488232,0.19181743412,0.15890885521,5.0
482,1,-482,0,0,1.1391820419,1.0632206159,0.0,1.0,0.14327003203,0.2185738837,0.19181743208,0.15919581068,1.0,0.14327003203,0.2185738837,0.19181743208,0.15919581068,5.0
483,1,-483,0,0,1.1491766309,1.0632285562,0.0,1.0,0.14327003249,0.21840615689,0.19181743008,0.15947879084,1.0,0.14327003249,0.21840615689,0.19181743008,0.15947879084,5.0
484,1,-484,0,0,1.1591713823,1.0632366659,0.0,1.0,0.14327003294,0.21824160974,0.19181742814,0.15975787756,1.0,0.14327003294,0.21824160974,0.19181742814,0.15975787756,5.0
485,1,-485,0,0,1.1691662898,1.0632449342,0.0,1.0,0.14327003338,0.21808015353,0.19181742625,0.16003315047,1.0,0.14327003338,0.21808015353,0.19181742625,0.16003315047,5.0
486,1,-486,0,0,1.1791613477,1.0632533509,0.0,1.0,0.1432700338,0.21792170276,0.1918174244,0.16030468705,1.0,0.1432700338,0.21792170276,0.1918174244,0.16030468705,5.0
487,1,-487,0,0,1.1891565502,1.0632619062,0.0,1.0,0.14327003422,0.21776617504,0.1918174226,0.16057256273,1.0,0.14327003422,0.21776617504,0.1918174226,0.16057256273,5.0
488,1,-488,0,0,1.1991518921,1.0632705911,0.0,1.0,0.14327003463,0.21761349094,0.19181742085,0.16083685089,1.0,0.14327003463,0.21761349094,0.19181742085,0.16083685089,5.0
489,1,-489,0,0,1.2091473682,1.0632793966,0.0,1.0,0.14327003502,0.21746357386,0.19181741913,0.16109762299,1.0,0.14327003502,0.21746357386,0.19181741913,0.16109762299,5.0
490,1,-490,0,0,1.2191429737,1.0632883146,0.0,1.0,0.14327003541,0.21731634989,0.19181741746,0.16135494861,1.0,0.14327003541,0.21731634989,0.19181741746,0.16135494861,5.0
491,1,-491,0,0,1.2291387038,1.0632973372,0.0,1.0,0.14327003578,0.21717174773,0.19181741583,0.16160889551,1.0,0.14327003578,0.21717174773,0.19181741583,0.16160889551,5.0
492,1,-492,0,0,1.2391345542,1.0633064568,0.0,1.0,0.14327003615,0.21702969856,0.19181741423,0.16185952969,1.0,0.14327003615,0.21702969856,0.19181741423,0.16185952969,5.0
493,1,-493,0,0,1.2491305205,1.0633156663,0.0,1.0,0.14327003651,0.21689013591,0.19181741267,0.16210691544,1.0,0.14327003651,0.21689013591,0.19181741267,0.16210691544,5.0
494,1,-494,0,0,1.2591265987,1.063324959,0.0,1.0,0.14327003687,0.21675299558,0.19181741115,0.16235111541,1.0,0.14327003687,0.21675299558,0.19181741115,0.16235111541,5.0
495,1,-495,0,0,1.2691227848,1.0633343284,0.0,1.0,0.14327003721,0.21661821557,0.19181740966,0.16259219066,1.0,0.14327003721,0.21661821557,0.19181740966,0.16259219066,5.0
496,1,-496,0,0,1.2791190751,1.0633437684,0.0,1.0,0.14327003755,0.21648573594,0.19181740821,0.16283020068,1.0,0.14327003755,0.21648573594,0.19181740821,0.16283020068,5.0
497,1,-497,0,0,1.2891154661,1.0633532733,0.0,1.0,0.14327003787,0.21635549876,0.19181740679,0.16306520349,1.0,0.14327003787,0.21635549876,0.19181740679,0.16306520349,5.0
498,1,-498,0,0,1.2991119542,1.0633628373,0.0,1.0,0.1432700382,0.21622744801,0.19181740539,0.16329725564,1.0,0.1432700382,0.21622744801,0.19181740539,0.16329725564,5.0
499,1,-499,0,0,1.3091085362,1.0633724554,0.0,1.0,0.14327003851,0.21610152951,0.19181740403,0.16352641228,1.0,0.14327003851,0.21610152951,0.19181740403,0.16352641228,5.0
500,1,-500,0,0,1.3191052089,1.0633821226,0.0,1.0,0.14327003882,0.21597769085,0.1918174027,0.16375272721,1.0,0.14327003882,0.21597769085,0.1918174027,0.16375272721,5.0
501,1,-501,0,0,1.3291019693,1.063391834,0.0,1.0,0.14327003912,0.21585588129,0.1918174014,0.16397625287,1.0,0.14327003912,0.21585588129,0.1918174014,0.16397625287,5.0
502,1,-502,0,0,1.3390988145,1.0634015852,0.0,1.0,0.14327003941,0.21573605174,0.19181740012,0.16419704047,1.0,0.14327003941,0.21573605174,0.19181740012,0.16419704047,5.0
503,1,-503,0,0,1.3490957417,1.0634113718,0.0,1.0,0.1432700397,0.21561815467,0.19181739887,0.16441513994,1.0,0.1432700397,0.21561815467,0.19181739887,0.16441513994,5.0
504,1,-504,0,0,1.3590927482,1.0634211898,0.0,1.0,0.14327003998,0.21550214403,0.19181739765,0.16463060002,1.0,0.14327003998,0.21550214403,0.19181739765,0.16463060002,5.0
505,1,-505,0,0,1.3690898314,1.0634310353,0.0,1.0,0.14327004026,0.21538797523,0.19181739645,0.16484346829,1.0,0.14327004026,0.21538797523,0.19181739645,0.16484346829,5.0
506,1,-506,0,0,1.3790869888,1.0634409047,0.0,1.0,0.14327004053,0.21527560506,0.19181739528,0.16505379117,1.0,0.14327004053,0.21527560506,0.19181739528,0.16505379117,5.0
507,1,-507,0,0,1.3890842182,1.0634507943,0.0,1.0,0.1432700408,0.21516499164,0.19181739413,0.16526161399,1.0,0.1432700408,0.21516499164,0.19181739413,0.16526161399,5.0
508,1,-508,0,0,1.3990815171,1.0634607009,0.0,1.0,0.14327004106,0.21505609437,0.191817393,0.16546698104,1.0,0.14327004106,0.21505609437,0.191817393,0.16546698104,5.0
509,1,-509,0,0,1.4090788834,1.0634706214,0.0,1.0,0.14327004131,0.2149488739,0.1918173919,0.16566993553,1.0,0.14327004131,0.2149488739,0.1918173919,0.16566993553,5.0
510,1,-510,0,0,1.419076315,1.0634805526,0.0,1.0,0.14327004156,0.21484329205,0.19181739081,0.16587051969,1.0,0.14327004156,0.21484329205,0.19181739081,0.16587051969,5.0
511,1,-511,0,0,1.4290738098,1.0634904917,0.0,1.0,0.14327004181,0.21473931178,0.19181738975,0.16606877476,1.0,0.14327004181,0.21473931178,0.19181738975,0.16606877476,5.0
512,1,-512,0,0,1.439071366,1.063500436,0.0,1.0,0.14327004205,0.21463689718,0.19181738871,0.16626474103,1.0,0.14327004205,0.21463689718,0.19181738871,0.16626474103,5.0
513,1,-513,0,0,1.4490689815,1.0635103829,0.0,1.0,0.14327004229,0.21453601336,0.19181738769,0.16645845788,1.0,0.14327004229,0.21453601336,0.19181738769,0.16645845788,5.0
514,1,-514,0,0,1.4590666546,1.0635203299,0.0,1.0,0.14327004252,0.21443662648,0.19181738669,0.16664996378,1.0,0.14327004252,0.21443662648,0.19181738669,0.16664996378,5.0
515,1,-515,0,0,1.4690643836,1.0635302747,0.0,1.0,0.14327004274,0.21433870368,0.19181738571,0.16683929634,1.0,0.14327004274,0.21433870368,0.19181738571,0.16683929634,5.0
516,1,-516,0,0,1.4790621667,1.0635402152,0.0,1.0,0.14327004297,0.21424221304,0.19181738474,0.16702649231,1.0,0.14327004297,0.21424221304,0.19181738474,0.16702649231,5.0
517,1,-517,0,0,1.4890600023,1.0635501491,0.0,1.0,0.14327004319,0.21414712357,0.1918173838,0.16721158762,1.0,0.14327004319,0.21414712357,0.1918173838,0.16721158762,5.0
518,1,-518,0,0,1.4990578889,1.0635600744,0.0,1.0,0.1432700434,0.21405340516,0.19181738287,0.16739461742,1.0,0.1432700434,0.21405340516,0.19181738287,0.16739461742,5.0
